Section,Category,Stat,Display Name,Value,Unit,Type,Source,Description
"About this sheet","Provenance","Generated at (UTC)","","2026.08.19-23.20.59","","text","Trace.DumpStats","This file is GENERATED FROM THE RUNNING GAME. Do not hand-edit it - re-run Trace.DumpStats instead, or your edit is gone at the next dump."
"About this sheet","Provenance","Generated by","","Trace.DumpStats (Source/Trace/Debug/TraceStatsDump.cpp)","","text","Trace.DumpStats","Console command, dev builds only. `Trace.DumpStats <path>` writes elsewhere; `Trace.VerifyStats` re-parses the written file column by column."
"About this sheet","Provenance","Written to","","docs/TraceStats.csv","","text","Trace.DumpStats","Saved/Stats/TraceStats.csv by default. docs/TraceStats.csv is the committed copy, produced by the same command with an explicit path."
"About this sheet","Provenance","How to open this in Google Sheets","","File > Import > Upload, then Replace spreadsheet","","text","n/a","We cannot create a Google Sheet from the build machine - there is no authenticated Drive access - so this is the one-click import instead. GitHub also renders it as a sortable table with no download."
"About this sheet","Provenance","Where these values come from","","the live CDOs, after Config/DefaultGame.ini has been applied","","text","n/a","NOT the C++ header defaults. Config/DefaultGame.ini beats a header default in this project, so a value read from a header can be wrong; every value here is read back out of the object the game plays from."
"About this sheet","Provenance","Descriptions and categories available","","yes","","text","WITH_METADATA","UPROPERTY doc comments and Category strings are editor-only metadata. In a cooked target they do not exist, so the Description and Category columns come out empty and the grouping falls back to a name heuristic."
"About this sheet","Provenance","Roster source","","assets (/Game/Trace/Data/Characters)","","text","TraceCharacterRoster::CurrentSource()","Which table the character cards came from - the DA_Character_* assets, or the C++ fallback table in Core/TraceCharacterRoster.cpp. It is all of them or none, by design."
"About this sheet","Provenance","Reading the Source column","","knob = editable in Project Settings and DefaultGame.ini; anything else says where it lives","","text","n/a","Rows marked DERIVED are computed at dump time from the knobs above them and are stored nowhere - change the base and the derived number moves with it."
"Key numbers (computed live)","Derived","Movement speed - base walk","","800","uu/s","derived","DERIVED at dump time: UTraceSettings.WalkSpeed","The base every other movement number in this game is expressed against."
"Key numbers (computed live)","Derived","Movement speed - guns stowed (knife profile)","","976","uu/s","derived","DERIVED at dump time: WalkSpeed x KnifeMoveSpeedMultiplier","The speed boost for having no gun out. Stored as a MULTIPLIER of WalkSpeed, not as an absolute, so it tracks the base - retune WalkSpeed and this moves with it."
"Key numbers (computed live)","Derived","Movement speed - carrying the Core","","976","uu/s","derived","DERIVED at dump time: WalkSpeed x CarrierSpeedMultiplier","The carrier is slightly faster. Also a multiplier of the base."
"Key numbers (computed live)","Derived","Roxie E (Modded) cooldown - what the game charges","","25","s","float","UTraceAbilitySetRoxie::GetActivatedCooldownSeconds() on the CDO -- reads RoxieModdedCooldownSeconds","The owner's own example. The knob is RoxieModdedCooldownSeconds in the Abilities - ROXIE section; this row is what the framework actually charges after clamping, which is the number that matters."
"Key numbers (computed live)","Derived","Pistol damage - headshot","","100","HP","derived","DERIVED at dump time: UTraceDamageSettings.HeadDamage","The owner's own example. A headshot is a kill outright, so this is held at or above MaxHealth."
"Key numbers (computed live)","Derived","Pistol damage - body","","40","HP","derived","DERIVED at dump time: UTraceDamageSettings.BodyDamage","Torso and arms."
"Key numbers (computed live)","Derived","Pistol damage - legs","","25","HP","derived","DERIVED at dump time: UTraceDamageSettings.LegDamage","Below the hips."
"Key numbers (computed live)","Derived","Pistol shots to kill - body","","3","shots","derived","DERIVED at dump time: ceil(MaxHealth / BodyDamage)","Computed, not typed: retune either number and this cell follows."
"Key numbers (computed live)","Derived","Pistol shots to kill - legs","","4","shots","derived","DERIVED at dump time: ceil(MaxHealth / LegDamage)","Computed."
"Key numbers (computed live)","Derived","Pistol fire rate","","190","rounds/min","derived","DERIVED at dump time: 60 / FireInterval","The knob is the INTERVAL in seconds; RPM is what a player feels. Kept derived so the two can never disagree."
"Key numbers (computed live)","Derived","SMG fire rate (nominal, from the knob)","","600","rounds/min","derived","DERIVED at dump time: 60 / SmgFireInterval","NOMINAL. This is what the knob asks for, not necessarily what a held trigger measures - see the weapons section and the spec's open item on the measured rate."
"Key numbers (computed live)","Derived","SMG damage - headshot (close)","","33","HP","derived","DERIVED at dump time: UTraceSettings.SmgHeadDamage","Inside the falloff range."
"Key numbers (computed live)","Derived","SMG damage - body (close)","","18","HP","derived","DERIVED at dump time: UTraceSettings.SmgBodyDamage","Inside the falloff range."
"Key numbers (computed live)","Derived","SMG damage - legs (close)","","12","HP","derived","DERIVED at dump time: UTraceSettings.SmgLegDamage","Inside the falloff range."
"Key numbers (computed live)","Derived","SMG shots to kill - body (close)","","6","shots","derived","DERIVED at dump time: ceil(MaxHealth / SmgBodyDamage)","Computed."
"Key numbers (computed live)","Derived","SMG damage falloff - shape","","CLIFF at 800 uu","","derived","DERIVED at dump time: bSmgDamageFalloff, SmgFalloffStartUU, SmgFalloffRampUU","A ramp width of 0 uu IS the cliff - one knob covers both shapes, so reading SmgFalloffRampUU is how you tell which one is shipping without reading the code."
"Key numbers (computed live)","Derived","SMG damage - headshot (beyond falloff)","","24","HP","derived","DERIVED at dump time: UTraceSettings.SmgFarHeadDamage","Past the falloff range. The pistol is unchanged at any range - only the SMG falls off."
"Key numbers (computed live)","Derived","SMG damage - body (beyond falloff)","","15","HP","derived","DERIVED at dump time: UTraceSettings.SmgFarBodyDamage","Past the falloff range."
"Key numbers (computed live)","Derived","SMG damage - legs (beyond falloff)","","10","HP","derived","DERIVED at dump time: UTraceSettings.SmgFarLegDamage","Past the falloff range."
"Key numbers (computed live)","Derived","SMG shots to kill - body (beyond falloff)","","7","shots","derived","DERIVED at dump time: ceil(MaxHealth / SmgFarBodyDamage)","Computed. Compare with the close-range row above - the gap between those two counts IS the range penalty a player feels."
"Key numbers (computed live)","Derived","SMG damage lost past falloff - body","","16.6667","%","derived","DERIVED at dump time: 100 x (SmgBodyDamage - SmgFarBodyDamage) / SmgBodyDamage","Percentage of body damage the range costs. Derived from the two knobs, so retuning either one moves this cell."
"Key numbers (computed live)","Derived","SMG - time to empty a full clip","","3.9","s","derived","DERIVED at dump time: (SmgClipSize - 1) x SmgFireInterval","Trigger-limited, ignoring reload. Nominal, from the interval knob."
"Key numbers (computed live)","Derived","SMG - sustained DPS through a reload (body shots, inside falloff)","","135.849","HP/s","derived","DERIVED at dump time: (SmgClipSize x SmgBodyDamage) / (SmgClipSize x SmgFireInterval + SmgReloadSeconds)","Moves when ANY of clip size, fire rate, body damage or reload time is retuned - which is why the 0.8 s -> 1.3 s reload change of spec v29 2c shows up here without anybody editing this sheet."
"Key numbers (computed live)","Derived","Roxie MODDED - pistol fire rate while it is up","","313.5","rounds/min","derived","DERIVED at dump time: 60 / (FireInterval / RoxieModdedFireRateMultiplier)","The multiplier is a RATE multiplier on the base and DIVIDES the interval, so it moves if the pistol's fire rate is ever retuned. It is not an RPM and not an interval."
"Key numbers (computed live)","Derived","Roxie MODDED - SMG fire rate while it is up","","990","rounds/min","derived","DERIVED at dump time: 60 / (SmgFireInterval / RoxieModdedFireRateMultiplier)","Same seam, other gun. No ability knows which weapon is in her hands - it scales whatever is."
"Key numbers (computed live)","Derived","Roxie MODDED - first-shot recoil kick","","0.8","deg","derived","DERIVED at dump time: RecoilPitchPerShot x RoxieModdedRecoilScale","Spec v29 2e. Recoil is OFF for everyone else, and MODDED re-adds it as a MULTIPLE of the base kick rather than as its own number of degrees - retune RecoilPitchPerShot and her kick follows."
"Key numbers (computed live)","Derived","Recoil for everybody else","","OFF - a perfectly static muzzle","","bool","DERIVED at dump time: bRecoilEnabled","Recoil was removed globally in spec v22 and stays removed. The row above is Roxie's trade for the higher fire rate, and only while MODDED is up."
"Key numbers (computed live)","Derived","Roxie MODDED - rounds fired in one activation (SMG, held trigger)","","83","rounds","derived","DERIVED at dump time: floor(RoxieModdedDurationSeconds x effective SMG RPM / 60) + 1","Computed from the duration and the effective rate, so it follows either one. Ignores the reload, which ends MODDED anyway when bRoxieModdedEndsOnReload is true."
"Key numbers (computed live)","Derived","Air strafe soft cap - EFFECTIVE","","1045","uu/s","derived","DERIVED at dump time: AirStrafeSoftCapSpeed x AirStrafeAsymptoteScale","The base and the scale are separate knobs; the product is what the game plays at and it appears nowhere else. Reading the base alone is how a double-applied scale hides."
"Key numbers (computed live)","Derived","Air strafe hard cap - EFFECTIVE","","1375","uu/s","derived","DERIVED at dump time: AirStrafeHardCapSpeed x AirStrafeAsymptoteScale","Same shape as the soft cap."
"Key numbers (computed live)","Derived","Slide duration - EFFECTIVE","","1.26","s","derived","DERIVED at dump time: SlideDuration x SlideMaxLengthScale","Base x scale, as shipped."
"Key numbers (computed live)","Derived","Wall jump window - EFFECTIVE","","0.15","s","derived","DERIVED at dump time: WallJumpWindowSeconds x WallJumpWindowScale","Base x scale."
"Key numbers (computed live)","Derived","Wall jump speed retention - EFFECTIVE","","0.855","x (multiplier)","derived","DERIVED at dump time: WallJumpSpeedRetention x WallJumpMomentumScale","Base x scale."
"Key numbers (computed live)","Derived","Goal mouth width","","1999.68","uu","derived","DERIVED at dump time: GoalWidthFieldFraction x 9600 uu field width","The knob is a FRACTION of the field so the goal tracks the arena if the arena is resized. 9600 uu is the shipped field width."
"Key numbers (computed live)","Derived","Core throw speed - EFFECTIVE after weight","","2459.67","uu/s","derived","DERIVED at dump time: CoreThrowSpeed / sqrt(CoreMassScale)","The number a designer types is not the speed the Core flies at - the weight model divides it. This is the flown speed."
"Key numbers (computed live)","Derived","Pistol - time to empty a full clip","","9.15788","s","derived","DERIVED at dump time: (ClipSize - 1) x FireInterval","Trigger-limited, ignoring reload. ClipSize-1 because the first round costs no interval."
"Key numbers (computed live)","Derived","Pistol - sustained DPS through a reload (body shots)","","120.317","HP/s","derived","DERIVED at dump time: (ClipSize x BodyDamage) / (ClipSize x FireInterval + ReloadSeconds)","Computed. The one number that moves when ANY of clip size, fire rate, body damage or reload time is retuned."
"Key numbers (computed live)","Derived","Jump apex height","","186.589","uu","derived","DERIVED at dump time: JumpZVelocity^2 / (2 x 980 x GravityScale)","How high a standing jump reaches. Derived from the engine-owned fields, so it follows a gravity or jump-speed change without anybody remembering to update it."
"Movement","Movement|Walk","WalkSpeed","Walk Speed (uu/s)","800","uu/s","float","UTraceSettings - Project Settings > Game > Trace Gameplay; [/Script/Trace.TraceSettings] in Config/DefaultGame.ini","Base ground speed, in uu/s. Copied into UCharacterMovementComponent::MaxWalkSpeed, which is what the physics step actually clamps against; ApplyLiveMovementTuning() re-pushes it on every edit so the slider is felt immediately. Sane range 600 (heavy) to 1000 (frantic). The whole slide and dash block is expressed as multiples of this, so moving it moves the kit with it. 820 -> 800 THIS PASS (spec v4 §5). Note there is ... [allowed range: 50.0 to 5000.0]"
"Movement","Movement|Walk","CarrierSpeedMultiplier","Carrier Speed Multiplier [v13 §3: = knife 1.22]","1.22","x (multiplier)","float","UTraceSettings - Project Settings > Game > Trace Gameplay; [/Script/Trace.TraceSettings] in Config/DefaultGame.ini","WalkSpeed multiplier while carrying the Core - the carrier is slightly faster. The carrier cannot shoot and is hunted by five people, so the speed edge is what makes carrying playable. Sane range 1.0 to 1.2; above ~1.3 nobody can catch a carrier at all. SPEC v13 §3: 1.30 -> 1.22. Verbatim: ""Update carrier speed to match the new knife speed."" THIS CLOSES THE PARITY BREAK v12 §3 OPENED AND FLAGGED. The whole reason ... [allowed range: 0.5 to 2.0]"
"Movement","Movement|Air","bSourceAirAcceleration","Source-Style Air Acceleration","true","on/off","bool","UTraceSettings - Project Settings > Game > Trace Gameplay; [/Script/Trace.TraceSettings] in Config/DefaultGame.ini","Master switch for the Source/Quake air model. OFF restores Unreal's stock AirControl lerp. Exists so the new movement can be A/B'd against the old feel from one binary rather than two. Turning it off does NOT restore the landing clamp - that is bPreserveLandingMomentum below."
"Movement","Movement|Air","AirMaxWishSpeed","Air Max Wish Speed (uu/s along wish dir)","160","uu/s","float","UTraceSettings - Project Settings > Game > Trace Gameplay; [/Script/Trace.TraceSettings] in Config/DefaultGame.ini","Ceiling, in uu/s, on the velocity component ALONG the wish direction that air input will build. THIS IS THE AIR-STRAFE DIAL. Source ships the equivalent of ~57 uu/s here, which is deliberately tiny - it is what makes strafe-jumping a skill rather than a control scheme. The default here is a good deal higher because spec v3 asks for ""full control authority to redirect velocity in air"" and for strafing to be MORE ... [allowed range: 0.0 to 2000.0]"
"Movement","Movement|Air","AirAcceleration","Air Acceleration (uu/s^2)","8000","uu/s^2","float","UTraceSettings - Project Settings > Game > Trace Gameplay; [/Script/Trace.TraceSettings] in Config/DefaultGame.ini","How hard the air-accel step pushes, in uu/s^2. Together with the cap above this decides whether a turn takes one frame or several: at 8000 and a 60Hz frame the step can add 133 uu/s, so the 160 cap is very nearly reached in a single frame and the model behaves as ""cap per frame"". Lower it and air control becomes gradual and floaty. Sane range 3000 to 12000. [allowed range: 0.0 to 50000.0]"
"Movement","Movement|Air","MaxAirSpeed","Max Air Speed (uu/s, model ceiling)","1600","uu/s","float","UTraceSettings - Project Settings > Game > Trace Gameplay; [/Script/Trace.TraceSettings] in Config/DefaultGame.ini","Ceiling on planar speed that AIR INPUT may build toward, in uu/s. NOT a hard clamp on the pawn's velocity, and deliberately so: speed carried into the air by a dash or a slide is left alone, because clamping it is exactly the ""velocity gets reset by a state transition"" complaint spec v3 §2.4 raises. This only bounds what holding a direction key in mid-air can ACCELERATE you to. Keep it at or above WalkSpeed; well ... [allowed range: 50.0 to 8000.0]"
"Movement","Movement|Air","bAirStrafeGainFalloff","Air Strafe Gain Falloff","true","on/off","bool","UTraceSettings - Project Settings > Game > Trace Gameplay; [/Script/Trace.TraceSettings] in Config/DefaultGame.ini","Master switch for the diminishing-returns curve. OFF leaves only the hard cap, which is the ""or"" in the spec's ""a hard cap OR an exponential scale"" - both are implemented so the design owner can play them separately and keep the one that feels right."
"Movement","Movement|Air","AirStrafeSoftCapSpeed","Air Strafe Soft Cap BASE (uu/s, x asymptote scale)","950","uu/s","float","UTraceSettings - Project Settings > Game > Trace Gameplay; [/Script/Trace.TraceSettings] in Config/DefaultGame.ini","Planar speed, uu/s, at which strafing STOPS being free and starts paying diminishing returns. Below this the air model is exactly what it was. 950 sits just under the measured baseline (a continuous strafe turn reaches ~1036 uu/s from 835), so today's strafe is left almost entirely intact and it is the accumulation PAST it that gets expensive - which is what ""harder and harder to gain momentum past a certain point"" ... [allowed range: 50.0 to 8000.0]"
"Movement","Movement|Air","AirStrafeFalloffExponent","Air Strafe Falloff Exponent","2","x (multiplier)","float","UTraceSettings - Project Settings > Game > Trace Gameplay; [/Script/Trace.TraceSettings] in Config/DefaultGame.ini","Shape of the falloff between the soft cap and the hard cap: Scale = (1 - t) ^ this. 1 is a straight line - every uu/s of headroom costs the same. 2 (the default) is the ""exponential scale"" reading: it keeps most of the strafe's value until well past the soft cap and then collapses it, so the speed asymptotes visibly short of the hard cap and a player feels the ceiling arrive rather than hitting it. Above ~4 the gain ... [allowed range: 0.1 to 8.0]"
"Movement","Movement|Air","bAirStrafeHardCap","Air Strafe Hard Cap Enabled","true","on/off","bool","UTraceSettings - Project Settings > Game > Trace Gameplay; [/Script/Trace.TraceSettings] in Config/DefaultGame.ini","Master switch for the absolute strafe ceiling - the ""hard cap on it"" half of the spec's request. OFF leaves only the falloff curve (and MaxAirSpeed, which is the model-wide ceiling and is not a v5 knob)."
"Movement","Movement|Air","AirStrafeHardCapSpeed","Air Strafe Hard Cap BASE (uu/s, x asymptote scale)","1250","uu/s","float","UTraceSettings - Project Settings > Game > Trace Gameplay; [/Script/Trace.TraceSettings] in Config/DefaultGame.ini","The hard ceiling, uu/s, on planar speed that air input may reach. THE BACKSTOP. 1250 is ~20% above the measured 1036 baseline: with the falloff on, the curve asymptotes well short of it and this is only ever reached by input patterns the curve did not anticipate, which is what a backstop is for. Speed CARRIED into the air (a dash, a slide-jump) is not clamped by it - the movement component takes max(this, the speed ... [allowed range: 50.0 to 8000.0]"
"Movement","Movement|Air","AirStrafeAsymptoteScale","Air Strafe Asymptote Scale (x both caps)","1.1","x (multiplier)","float","UTraceSettings - Project Settings > Game > Trace Gameplay; [/Script/Trace.TraceSettings] in Config/DefaultGame.ini","SPEC v9 §8 - ""Move the asymptote on momentum slightly higher, to allow for slightly faster speeds."" ONE scalar over BOTH air-strafe caps. The soft cap is where the gain starts to taper and the hard cap is where it reaches zero: they are two points on one curve, so moving only one of them changes the SHAPE of the falloff instead of its position. This slides the whole asymptote up and leaves the shape identical. ... [allowed range: 0.5 to 2.0]"
"Movement","Movement|Air","AirStrafeOpposingDeceleration","Air Strafe Opposing Deceleration (uu/s^2 at a full reversal)","2200","uu/s^2","float","UTraceSettings - Project Settings > Game > Trace Gameplay; [/Script/Trace.TraceSettings] in Config/DefaultGame.ini","SPEC v18 §1a - ""when you go the opposite direction during the jump ... your momentum doesn't change at all. We want it so doing so slows down your momentum."" This is how fast it slows, in uu/s^2, at a DEAD 180-degree reversal. SCALED BY HOW OPPOSED THE INPUT IS, which is the spec's own [ASSUMPTION] and the thing that makes it feel like braking rather than like a wall: the brake is multiplied by the NEGATIVE part of ... [allowed range: 0.0 to 20000.0]"
"Movement","Movement|Air","MovementGravityScale","Player Gravity Scale (x world gravity)","1.12","x (multiplier)","float","UTraceSettings - Project Settings > Game > Trace Gameplay; [/Script/Trace.TraceSettings] in Config/DefaultGame.ini","SPEC v9 §8 - ""LESS FLOATY"". Multiplier on world gravity for the PLAYER, and only the player. Verbatim: ""Increase gravity by 12%, to make players feel less floaty when air strafing."" 1.12 is that number, expressed as the engine's UCharacterMovementComponent::GravityScale so it applies to jumps, falls, wall jumps and the dash arc alike without touching world gravity - which would also have retuned the mode-B throw ... [allowed range: 0.25 to 4.0]"
"Movement","Movement|Air","AirFriction","Air Friction (lateral, per s)","0","","float","UTraceSettings - Project Settings > Game > Trace Gameplay; [/Script/Trace.TraceSettings] in Config/DefaultGame.ini","Lateral drag in the air, per second (the engine's FallingLateralFriction). ZERO BY DESIGN. Source and Quake have no air drag at all, which is what makes a jump preserve the speed you took into it - the single most-requested property of this movement model. Any non-zero value here quietly undoes momentum preservation for every airborne frame, so it is a knob for experiments rather than a dial to season with. Sane ... [allowed range: 0.0 to 8.0]"
"Movement","Movement|Air","AirControl","Air Control (engine acceleration scale)","1","","float","UTraceSettings - Project Settings > Game > Trace Gameplay; [/Script/Trace.TraceSettings] in Config/DefaultGame.ini","Engine-owned: the fraction of input acceleration that survives into the falling state (UCharacterMovementComponent::AirControl). Pushed into the component by RefreshEngineTunablesFromSettings(), so it is live but is a COPY - the one air value that cannot be read at the point of use. 1.0, NOT the 0.45 the constructor used to set. Under the stock model AirControl WAS the air model, and 0.45 was how you stopped it ... [allowed range: 0.0 to 1.0]"
"Movement","Movement|Landing","bPreserveLandingMomentum","Preserve Landing Momentum","true","on/off","bool","UTraceSettings - Project Settings > Game > Trace Gameplay; [/Script/Trace.TraceSettings] in Config/DefaultGame.ini","ON BY DEFAULT - this is spec v3 §2.2. Off restores the engine's hard brake on landing. It exists so the old feel can be A/B'd from one binary. Turning it off makes the three overspeed knobs below inert."
"Movement","Movement|Landing","GroundOverspeedFriction","Overspeed Ground Friction","2","uu/s","float","UTraceSettings - Project Settings > Game > Trace Gameplay; [/Script/Trace.TraceSettings] in Config/DefaultGame.ini","Friction applied to the EXCESS above walk speed while on the ground, replacing the engine's GroundFriction (8) for those frames only. THE MAIN ""how long does carried speed last"" DIAL. Overspeed has to leave somehow, or a player who lands fast keeps that speed forever and walk speed stops meaning anything. The Source-style answer is that friction bleeds it over a short run-out rather than the game snapping it away in ... [allowed range: 0.0 to 16.0]"
"Movement","Movement|Landing","GroundOverspeedBraking","Overspeed Braking (uu/s^2)","400","uu/s^2","float","UTraceSettings - Project Settings > Game > Trace Gameplay; [/Script/Trace.TraceSettings] in Config/DefaultGame.ini","Flat deceleration, uu/s^2, applied to the excess above walk speed when there is NO input - the counterpart of BrakingDecelerationWalking (2600) for overspeed frames. Separate from the friction term because friction is proportional and a proportional bleed alone has a long tail: it takes the same time to go 2000 -> 1000 as 1000 -> 500, so a fast landing leaves the pawn hovering just above walk speed for an ... [allowed range: 0.0 to 5000.0]"
"Movement","Movement|Landing","GroundOverspeedTurnRate","Overspeed Turn Rate (deg/s)","180","deg/s","float","UTraceSettings - Project Settings > Game > Trace Gameplay; [/Script/Trace.TraceSettings] in Config/DefaultGame.ini","Degrees per second an overspeed pawn may steer while it bleeds down, on the ground. Unlimited steering while overspeed would let a player carry a landing's momentum around a corner at full value, which turns the whole model into free speed; zero would make a fast landing a rail you cannot correct on. This is the middle ground and it is the knob to reach for if landings feel either ""on ice"" (raise it) or ""too free"" ... [allowed range: 0.0 to 720.0]"
"Movement","Movement|Dash","DashSpeed","Dash Speed (uu/s)","3300","uu/s","float","UTraceSettings - Project Settings > Game > Trace Gameplay; [/Script/Trace.TraceSettings] in Config/DefaultGame.ini","Speed clamp while dashing, in uu/s. DASH REACH = DashSpeed * DashDuration. At 3300 x 0.18 that is 594uu (v16: 3000 -> 3300). Bots' BotTrailDashRange must stay comfortably under that number or the signature trail-crossing kill stops landing - if you change this, check that one. Sane range 2200 to 3600. [allowed range: 100.0 to 10000.0]"
"Movement","Movement|Dash","DashDuration","Dash Duration (s)","0.18","s","float","UTraceSettings - Project Settings > Game > Trace Gameplay; [/Script/Trace.TraceSettings] in Config/DefaultGame.ini","How long a dash lasts, in seconds. Multiplied by DashSpeed this is the dash's reach. Sane range 0.12 to 0.28. Below ~0.08 the dash becomes a one-or-two-frame teleport that the trail trip test can step straight over, which silently breaks the game's core counterplay. [allowed range: 0.05 to 1.0]"
"Movement","Movement|Dash","DashCooldown","Dash Cooldown (s)","3.5","s","float","UTraceSettings - Project Settings > Game > Trace Gameplay; [/Script/Trace.TraceSettings] in Config/DefaultGame.ini","Cooldown measured from dash start, per charge, in seconds. This is the only counterplay against a carrier, so it is a strong dial in both directions: shorter means the defence can commit more often, longer means the carrier's run is safer. Sane range 2.5 to 5. Keep UTraceSettings::BotDashCooldownSeconds equal to it, or the bots' shadow charge model will think they have a dash they do not. [allowed range: 0.0 to 30.0]"
"Movement","Movement|Dash","BaseDashCharges","Base Dash Charges","1","count","int32","UTraceSettings - Project Settings > Game > Trace Gameplay; [/Script/Trace.TraceSettings] in Config/DefaultGame.ini","Dash charges everybody has. The pool refills one charge at a time, each on DashCooldown. A pool rather than a timer because the carrier bonus below has to be able to appear and disappear mid-cooldown without the answer being arbitrary - see the movement component header. [allowed range: 1 to 5]"
"Movement","Movement|Dash","CarrierExtraDashCharges","Carrier Extra Dash Charges","1","count","int32","UTraceSettings - Project Settings > Game > Trace Gameplay; [/Script/Trace.TraceSettings] in Config/DefaultGame.ini","Extra dash charges granted for as long as the pawn is carrying the Core (contract §5). [allowed range: 0 to 5]"
"Movement","Movement|Dash","bRefreshDashChargeOnKill","EXPERIMENT: Refresh A Dash Charge On Every Kill (Demo 17 item 7 - default OFF)","false","on/off","bool","UTraceSettings - Project Settings > Game > Trace Gameplay; [/Script/Trace.TraceSettings] in Config/DefaultGame.ini","DEMO 17 item 7, verbatim: ""Add a toggle to test dash cooldown refreshing on every kill."" *** AN EXPERIMENT, AND OFF IS THE SHIPPED ANSWER. *** Demo 17 asks for a way to TRY it, not for the behaviour - so this defaults to false and the game plays exactly as it did with it there. Turning it on hands the killer one dash charge back on every kill, which is the same grant ..."
"Movement","Movement|Dash","DashExitSpeedMultiplier","Dash Exit Speed (multiple of max speed)","1.25","x (multiplier)","float","UTraceSettings - Project Settings > Game > Trace Gameplay; [/Script/Trace.TraceSettings] in Config/DefaultGame.ini","Multiple of the ground speed limit a dash hands back when it ends. 1.0 = the old behaviour. Spec v3 §2.4: ""state transitions should preserve velocity vectors rather than resetting them"". A dash ending by dumping the pawn at exactly walking pace is the most visible reset in the kit - you spend a cooldown, cross 540 uu, and arrive slower than a slide would have left you. Above 1 the surplus is handed back as real ... [allowed range: 1.0 to 3.0]"
"Movement","Movement|Dash","DashExitVerticalSpeedMultiplier","Dash Exit Vertical Speed (multiple of jump)","1","x (multiplier)","float","UTraceSettings - Project Settings > Game > Trace Gameplay; [/Script/Trace.TraceSettings] in Config/DefaultGame.ini","Ceiling on the UPWARD velocity a dash hands back when it ends, as a multiple of JumpZVelocity. SPEC v7 §5 made the dash a true 3D ray, so a straight-up dash now exists - and the air-strafe cap does NOT bound it, being planar by construction. Unclamped, a vertical dash was 594uu on rails PLUS 3000uu/s of exit velocity, about 4592uu of coast, straight through the arena's 1640uu ceiling. At 1.0 a dash may hand back at ... [allowed range: 0.0 to 4.0]"
"Movement","Movement|Slide","SlideEntrySpeedFraction","Entry Speed (fraction of Walk Speed)","0.55","0-1","float","UTraceSettings - Project Settings > Game > Trace Gameplay; [/Script/Trace.TraceSettings] in Config/DefaultGame.ini","Fraction of WalkSpeed you must already be moving at before crouch will start a slide. Stops ""tap crouch from a standstill"" being free speed. Sane range 0.4 to 0.7. [allowed range: 0.0 to 2.0]"
"Movement","Movement|Slide","SlideEntrySpeedMultiplier","Entry Speed Multiplier","1","x (multiplier)","float","UTraceSettings - Project Settings > Game > Trace Gameplay; [/Script/Trace.TraceSettings] in Config/DefaultGame.ini","Entry speed multiplier applied to the ACTUAL entry speed. Slide velocity = entry speed x this. Not max(entry speed, WalkSpeed) - that was the old implementation and the old wording, and the floor is exactly the flat boost spec v4 §1 rules out: it made a slide entered at walking pace come out 35% faster than the walk. It multiplies what you actually arrived with, nothing else. SHIPPED AT 1.0, WHICH IS NOW THE ... [allowed range: 0.5 to 3.0]"
"Movement","Movement|Slide","SlideMaxSpeed","Max Entry Speed (uu/s)","1900","uu/s","float","UTraceSettings - Project Settings > Game > Trace Gameplay; [/Script/Trace.TraceSettings] in Config/DefaultGame.ini","Hard ceiling on slide entry speed, in uu/s. This is the one knob that can DESTROY momentum rather than preserve it: a slide entered out of a dash is clamped to this, so setting it near WalkSpeed means a fast player is slowed by sliding. Kept well above walking pace for that reason. Sane range 1.5x to 2.5x WalkSpeed. [allowed range: 100.0 to 6000.0]"
"Movement","Movement|Slide","SlideDuration","Duration BASE (s, x max length scale)","1.8","s","float","UTraceSettings - Project Settings > Game > Trace Gameplay; [/Script/Trace.TraceSettings] in Config/DefaultGame.ini","Longest a slide may last, in seconds, even if it has not decayed to the exit speed. With the gentle deceleration below, this is what actually ends most slides - so this is THE ""max slide length"" dial. Sane range 0.8 to 2.5. THE BASE, NOT THE SHIPPED LENGTH. Spec v9 §6's ""-30%"" lives in SlideMaxLengthScale below and the accumulated ""-0.4 s"" (v24 §8) + ""-0.2 s"" (v25 §6) lives in SlideDurationTrimSeconds below that; ... [allowed range: 0.1 to 6.0]"
"Movement","Movement|Slide","SlideMaxLengthScale","Max Length Scale (x duration)","0.7","x duration","float","UTraceSettings - Project Settings > Game > Trace Gameplay; [/Script/Trace.TraceSettings] in Config/DefaultGame.ini","SPEC v9 §6 - ""Reduce max slide length by 30%."" x0.7, and this is the whole change. LENGTH IS SCALED THROUGH DURATION, on purpose. Since spec v4 §1 a slide's speed is purely what the player carried in, so the maximum distance one can cover is entry speed integrated over SlideDuration - scale the clock and the distance scales with it. With SlideDeceleration at 260 uu/s² the decay term is quadratic, so the distance ... [allowed range: 0.05 to 4.0]"
"Movement","Movement|Slide","SlideDurationTrimSeconds","Duration Trim (s, off the scaled length)","0.6","s","float","UTraceSettings - Project Settings > Game > Trace Gameplay; [/Script/Trace.TraceSettings] in Config/DefaultGame.ini","Seconds taken off the SHIPPED slide, AFTER SlideMaxLengthScale. The accumulator for every ""make the slide shorter"" request, and the single knob that also moves the slide-jump window. spec v24 §8: ""shorten the duration of the slide by .4seconds as well"" -> 0.4 spec v25 §6: ""decrease slide duration by .2seconds"" -> 0.6 shipped duration = SlideDuration x SlideMaxLengthScale - this = 1.80 x 0.70 - 0.60 = 0.66 s (v24 ... [allowed range: 0.0 to 3.0]"
"Movement","Movement|Slide","SlideDeceleration","Deceleration (uu/s per s)","260","uu/s per s","float","UTraceSettings - Project Settings > Game > Trace Gameplay; [/Script/Trace.TraceSettings] in Config/DefaultGame.ini","uu/s bled off the slide every second. THIS IS THE MOMENTUM DIAL - lower preserves more. At 260 a 1.8s slide sheds ~470uu/s in total, so a slide entered at ~1100 still exits above walking pace. The old 750 stripped 750uu/s and ended most slides early on the exit-speed check, which is what made the slide feel like a brake. Sane range 150 to 500; 0 is a frictionless rail. [allowed range: 0.0 to 4000.0]"
"Movement","Movement|Slide","SlideExitSpeedFraction","Exit Speed (fraction of Walk Speed)","0.5","0-1","float","UTraceSettings - Project Settings > Game > Trace Gameplay; [/Script/Trace.TraceSettings] in Config/DefaultGame.ini","Fraction of WalkSpeed at which a decaying slide gives up and hands the player back. Raise it and slides end early; lower it and a slide runs until SlideDuration expires. Sane range 0.4 to 0.8. [allowed range: 0.0 to 2.0]"
"Movement","Movement|Slide","SlideTurnRateDegrees","Turn Rate (deg/s)","130","deg/s","float","UTraceSettings - Project Settings > Game > Trace Gameplay; [/Script/Trace.TraceSettings] in Config/DefaultGame.ini","Degrees per second a slide may be steered. 0 = a slide is a rail. Sane range 90 to 180. [allowed range: 0.0 to 720.0]"
"Movement","Movement|Slide","SlideCooldownSeconds","Cooldown (s, gap after a slide ends)","0.8","s","float","UTraceSettings - Project Settings > Game > Trace Gameplay; [/Script/Trace.TraceSettings] in Config/DefaultGame.ini","The gap BETWEEN slides, in seconds. Spec v3 §2.3: ""add a .8second buffer between slides"". MEASURED FROM THE SLIDE'S END, and that is a change. The old SlideCooldown was measured from the slide's START, so ""the buffer between slides"" was a number you had to compute (cooldown minus duration) rather than one you could read - and a value below SlideDuration meant no cooldown at all, which is a trap. This is the number ... [allowed range: 0.0 to 20.0]"
"Movement","Movement|Slide","SlideInputBufferSeconds","Input Buffer (s)","0.25","s","float","UTraceSettings - Project Settings > Game > Trace Gameplay; [/Script/Trace.TraceSettings] in Config/DefaultGame.ini","How long a crouch press that could not slide yet (mid-dash, or airborne) stays queued. This is what makes ""dash, then slide out of it"" and ""press crouch just before you land"" work. Only a fresh PRESS charges it, so holding the key can never chain slides. Sane range 0.15 to 0.35; much above that and the slide fires long after the player stopped asking for it. [allowed range: 0.0 to 1.0]"
"Movement","Movement|Slide","SlideExitSpeedRetention","Exit Speed Retention (fraction of slide speed)","1","x (multiplier)","float","UTraceSettings - Project Settings > Game > Trace Gameplay; [/Script/Trace.TraceSettings] in Config/DefaultGame.ini","Fraction of the slide's LIVE speed carried into normal movement on exit. 1 = all of it. This is the ""preserve momentum"" contract: the old exit only ever clamped DOWN, so a slide handed the player back below walking pace and made them re-accelerate. Sane range 0.8 to 1.0. [allowed range: 0.0 to 1.5]"
"Movement","Movement|Slide","SlideExitMaxSpeedMultiplier","Exit Ceiling (multiple of Max Speed)","1","x (multiplier)","float","UTraceSettings - Project Settings > Game > Trace Gameplay; [/Script/Trace.TraceSettings] in Config/DefaultGame.ini","Ceiling on the exit speed as a multiple of max speed. The old warning here - ""above 1, overspeed is kept for as long as a movement key is held, and slide-cancel spam becomes the fastest way to cross the arena"" - described the pre-spec-v3 CalcVelocity, whose input branch clamped to the current speed and so could HOLD overspeed indefinitely. That branch is gone. The ground overspeed bleed replaces it and always bleeds ... [allowed range: 1.0 to 3.0]"
"Movement","Movement|Slide Jump","bSlideJumpEnabled","Slide Jump Enabled","true","on/off","bool","UTraceSettings - Project Settings > Game > Trace Gameplay; [/Script/Trace.TraceSettings] in Config/DefaultGame.ini","Master switch for the slide-jump. OFF makes a jump out of a slide behave like any other jump. Exists so the move can be A/B'd against its absence from one binary, which matters here: the slide has just lost its flat boost, and whether sliding ""does something"" now is exactly the question this mechanic is answering."
"Movement","Movement|Slide Jump","SlideJumpHorizontalRetention","Horizontal Retention (fraction of slide speed)","1","x (multiplier)","float","UTraceSettings - Project Settings > Game > Trace Gameplay; [/Script/Trace.TraceSettings] in Config/DefaultGame.ini","Fraction of the slide's live horizontal speed carried into the jump. 1.0 = all of it. THE HEADLINE KNOB. At 1.0 a slide-jump is a pure momentum-preserving launch and the slide becomes a way to convert a fast approach into distance; below ~0.85 the move stops being worth the setup and players will simply jump. Above 1.0 it is a boost - which is exactly what spec v4 §1 ruled out for the slide itself, so raise it only ... [allowed range: 0.0 to 2.0]"
"Movement","Movement|Slide Jump","SlideJumpZMultiplier","Vertical Multiplier (x normal jump)","1","x (multiplier)","float","UTraceSettings - Project Settings > Game > Trace Gameplay; [/Script/Trace.TraceSettings] in Config/DefaultGame.ini","Multiplier on the pawn's normal jump velocity when the jump comes out of a slide. Kept at 1.0 by default and deliberately so: in Apex the slide-hop's value is DISTANCE, not height, and a taller jump mostly buys hang time during which you cannot dash, cannot turn hard and are an easy target. Lower it toward 0.85 for a flatter, faster-feeling launch; raise it if playtesting wants the move to clear the arena's cover. [allowed range: 0.0 to 3.0]"
"Movement","Movement|Slide Jump","SlideJumpWindowSeconds","Timing Window (s before slide end)","0.2","s","float","UTraceSettings - Project Settings > Game > Trace Gameplay; [/Script/Trace.TraceSettings] in Config/DefaultGame.ini","Seconds before a slide would END during which the jump counts as well timed. 0 = no window, every slide-jump is worth the same. This is the ""reward good timing"" half of the request. A window measured from the slide's END rather than its start is what makes it readable: the player can see and feel the slide running out, so the input has something to be timed AGAINST. Timing it against the start would just mean ""press ... [allowed range: 0.0 to 2.0]"
"Movement","Movement|Slide Jump","SlideJumpWindowSpeedBonus","Well-Timed Speed Bonus BASE (x, x bonus scale)","1.3125","x","float","UTraceSettings - Project Settings > Game > Trace Gameplay; [/Script/Trace.TraceSettings] in Config/DefaultGame.ini","Extra horizontal speed multiplier for a slide-jump taken inside the timing window above. 1.10 -> 1.25 (spec v5 §3) -> 1.3125 THIS PASS (spec v8 §8). v8 §8 verbatim: ""Increase momentum from slide jump by 5%"". [ASSUMPTION] read as 1.25 x 1.05 = 1.3125 - a 5% increase OF the bonus, since ""momentum from slide jump"" names the thing the multiplier produces. THE ALTERNATIVE READING IS 1.25 + 0.05 = 1.30, five percentage ... [allowed range: 1.0 to 2.0]"
"Movement","Movement|Slide Jump","SlideJumpBonusScale","Well-Timed Bonus Scale (v9 §7, x)","1.5","x (multiplier)","float","UTraceSettings - Project Settings > Game > Trace Gameplay; [/Script/Trace.TraceSettings] in Config/DefaultGame.ini","SPEC v9 §7 - ""Increase the bonus of timing a slide jump right by 30%."" x1.30, and this plus the switch below is the whole change. Applied to SlideJumpWindowSpeedBonus by UTraceCharacterMovementComponent::GetSlideJumpWindowSpeedBonus(), bound BY NAME as ""SlideJumpBonusScale"" and clamped there to 0.1..4. *** SPEC v28 §5 - 1.43 -> 1.50. *** Verbatim: ""change well timed bonus scale to 1.5"". This is the knob that carries ... [allowed range: 0.1 to 4.0]"
"Movement","Movement|Slide Jump","bSlideJumpBonusScalesGainOnly","Bonus Scale Applies To The Gain Only (v9 §7 reading)","true","on/off","bool","UTraceSettings - Project Settings > Game > Trace Gameplay; [/Script/Trace.TraceSettings] in Config/DefaultGame.ini","WHICH READING OF §7 IS SHIPPED. The spec asks for both to be flagged and for the choice to be one number; it is this bool. TRUE (shipped, and the spec's [ASSUMPTION]): ""the bonus"" is the part ABOVE 1.0 - the thing the timing actually buys. 1 + (1.3125 - 1) x 1.30 = 1.40625. A well-timed hop at 1900 uu/s carries 2672 uu/s instead of 2494 uu/s. FALSE (the alternative): ""the bonus"" is the whole multiplier. 1.3125 x ..."
"Movement","Movement|Slide Jump","SlideJumpWindowZBonus","Well-Timed Height Bonus (x normal jump)","1.12","x (multiplier)","float","UTraceSettings - Project Settings > Game > Trace Gameplay; [/Script/Trace.TraceSettings] in Config/DefaultGame.ini","Extra JUMP HEIGHT multiplier for a slide-jump taken inside the timing window. New in spec v5 §3, and the other half of ""increase the multiplier gained by perfectly timing a jump"". Height is the channel a player can actually SEE. 25% more planar speed is deniable - it looks like a good jump - whereas clearing a box you could not clear a second ago is unambiguous feedback that the timing landed. That legibility is the ... [allowed range: 1.0 to 2.0]"
"Movement","Movement|Slide Jump","SlideJumpMomentumScale","Momentum Boost Scale (v26 §3, x the GAIN)","0.8","x (multiplier)","float","UTraceSettings - Project Settings > Game > Trace Gameplay; [/Script/Trace.TraceSettings] in Config/DefaultGame.ini","SPEC v26 §3a - ""Reduce slide jump momentum boost by 20%."" x0.80 ON THE GAIN. *** RELATIVE, NOT REWRITTEN, AND THAT IS THE WHOLE POINT OF IT BEING A SEPARATE NUMBER. *** The obvious edit was to retype SlideJumpWindowSpeedBonus from 1.3125 to something 20% smaller, or SlideJumpBonusScale from 1.43 to 1.144. Both would have baked v26's cut into a number that belongs to a different decision (v8 §8's base, v9 §7's +30% ... [allowed range: 0.0 to 2.0]"
"Movement","Movement|Slide Jump","bSlideJumpChainCapEnabled","Chain Ceiling Enabled (v26 §3)","true","on/off","bool","UTraceSettings - Project Settings > Game > Trace Gameplay; [/Script/Trace.TraceSettings] in Config/DefaultGame.ini","SPEC v26 §3b - the master switch for the chain ceiling. OFF restores the uncapped compounding. Exists for the same reason bSlideJumpEnabled does: ""is chaining still a traversal exploit"" has to be answerable from one binary without a rebuild. It is ALSO the designer-facing half of the A/B arm - the dev-only console arm is Trace.V26LegacySlideJump, which reverts the -20% as well, whereas this reverts the ceiling alone."
"Movement","Movement|Slide Jump","SlideJumpChainCapBoosts","Chain Ceiling (consecutive boosts before the cap)","3","count","int32","UTraceSettings - Project Settings > Game > Trace Gameplay; [/Script/Trace.TraceSettings] in Config/DefaultGame.ini","*** THE KNOB THE NOTE ASKS FOR. *** ""For now, lets cap it at what the momentum is after you do two consecutive slide boosts."" This is the TWO. HOW IT IS SPENT. A CHAIN is a run of slide-jumps taken without ever giving the momentum back (see the reset multiplier below for what ""giving it back"" means). The component watches the launch speed of the chain's first N boosts, keeps the highest, and every boost after that ... [allowed range: 1 to 8]"
"Movement","Movement|Slide Jump","SlideJumpChainResetSpeedMultiplier","Chain Reset Speed (x the pawn's max ground speed)","1","x (multiplier)","float","UTraceSettings - Project Settings > Game > Trace Gameplay; [/Script/Trace.TraceSettings] in Config/DefaultGame.ini","When a chain ENDS, as a multiple of the pawn's own live max ground speed. *** RELATIVE TO A BASE THAT MOVES. *** Not ""reset below 800 uu/s"". The pawn's ground speed ceiling is WalkSpeed folded through CarrierSpeedMultiplier (1.22), the knife profile (1.30) and every ability speed passive, so a carrier's baseline is 976 and a knife-carrier's is higher still. Written as a multiple, this threshold follows every one of ... [allowed range: 0.0 to 3.0]"
"Movement","Movement|Ledges","LedgeGroundGraceSeconds","Ledge Ground Grace (s) [v12 §5]","0.08","s","float","UTraceSettings - Project Settings > Game > Trace Gameplay; [/Script/Trace.TraceSettings] in Config/DefaultGame.ini","Seconds of grace during which a pawn that has just lost ground contact is still treated as grounded. THE LEDGE-EDGE FIX (spec v5 §7's second half, and spec v12 §5's actual request). ""Feels like rubber banding"" at a ledge is a one- or two-frame contact blip as the capsule crosses a lip: the client and the server disagree about whether the pawn is walking or falling for those frames, and the correction that follows is ... [allowed range: 0.0 to 0.5]"
"Movement","Movement|Wall Jump","bWallJumpEnabled","Wall Jump Enabled","true","on/off","bool","UTraceSettings - Project Settings > Game > Trace Gameplay; [/Script/Trace.TraceSettings] in Config/DefaultGame.ini","Master switch for the wall jump. Off restores the pre-v8 air game exactly: DoJump() refuses every mid-air press and JumpMaxCount stays at 1. It exists because ""is the wall jump making the arena feel worse"" has to be answerable with one ini edit rather than a rebuild - this is a brand-new traversal verb in a map that was tuned without it."
"Movement","Movement|Wall Jump","WallJumpWindowSeconds","Contact Window BASE (s, x window scale)","0.25","s","float","UTraceSettings - Project Settings > Game > Trace Gameplay; [/Script/Trace.TraceSettings] in Config/DefaultGame.ini","Seconds after touching a wall in which a jump press still counts as a wall jump. ""Press jump RIGHT AS they hit a wall"" is the request, so this is a reaction window and not a wall-cling. 0.25 s is about four frames of slack at 60 Hz plus the human reaction floor. THE BASE, NOT THE SHIPPED WINDOW. Spec v9 §5's shortening lives in WallJumpWindowScale below: effective window = 0.25 x 0.6 = 0.15 s. Cutting this to 0.15 ... [allowed range: 0.0 to 1.0]"
"Movement","Movement|Wall Jump","WallJumpWindowScale","Contact Window Scale (v9 §5, x)","0.6","x (multiplier)","float","UTraceSettings - Project Settings > Game > Trace Gameplay; [/Script/Trace.TraceSettings] in Config/DefaultGame.ini","SPEC v9 §5 - ""Make the window of time for performing a wall jump shorter and make the action happen faster."" x0.6 on the contact window: 0.25 s -> 0.15 s. The ""sticking to the wall for a second"" the note describes IS this window - the time between contact and launch during which the pawn is committed to a wall it has not left yet. [ASSUMPTION] a 40% cut: still ~4 frames wider than a 40 ms client's own latency (spec ... [allowed range: 0.05 to 1.0]"
"Movement","Movement|Wall Jump","WallJumpSpeedRetention","Speed Retention BASE (x, x momentum scale)","0.95","x","float","UTraceSettings - Project Settings > Game > Trace Gameplay; [/Script/Trace.TraceSettings] in Config/DefaultGame.ini","Fraction of the incoming planar SPEED the reflected launch keeps. 1.0 is pure preservation. ""Carry momentum in a new direction"" means the speed survives the bounce and only the direction changes, so this sits near 1 by design: 0.95 charges a small toll so a corridor of walls is not a frictionless pinball table. THE BASE, NOT THE SHIPPED RETENTION. Spec v9 §5's -10% lives in WallJumpMomentumScale below: effective ... [allowed range: 0.0 to 1.0]"
"Movement","Movement|Wall Jump","WallJumpMomentumScale","Momentum Scale (v9 §5, x retention)","0.9","x (multiplier)","float","UTraceSettings - Project Settings > Game > Trace Gameplay; [/Script/Trace.TraceSettings] in Config/DefaultGame.ini","SPEC v9 §5 - ""Reduce momentum gained from wall jumping by 10%."" x0.9 on the retention, which is the spec's own [ASSUMPTION] stated verbatim (""scale the retention knob by 0.9""). WHY THE KNOB AND NOT THE OUTCOME. Measured end-to-end retention (launch speed / entry speed) was ~104.6-105.4%, because the outward impulse and the vertical add on top of the 0.95 - the move was a net GAIN. Reading ""the momentum gained"" as ... [allowed range: 0.1 to 1.0]"
"Movement","Movement|Wall Jump","WallJumpMomentumScaleV10","Momentum Scale (v10 §5, x v9 scale)","0.9","x (multiplier)","float","UTraceSettings - Project Settings > Game > Trace Gameplay; [/Script/Trace.TraceSettings] in Config/DefaultGame.ini","SPEC v10 §5 - the SECOND -10% on wall-jump momentum. Verbatim: ""Reduce the momentum boost from wall jumping by 10%"". A THIRD MULTIPLIER RATHER THAN AN EDIT TO THE OTHER TWO, and that is the same rule spec v9 §§5-8 set for itself: a pass's change is its own named scalar over the designer's base, so reverting one pass is one line and two passes never fight over the same number. Shipped retention is therefore ... [allowed range: 0.1 to 1.0]"
"Movement","Movement|Wall Jump","WallJumpControlLockoutSeconds","Control Lockout After Launch (s) [v10 §5]","0.2","s","float","UTraceSettings - Project Settings > Game > Trace Gameplay; [/Script/Trace.TraceSettings] in Config/DefaultGame.ini","SPEC v10 §5, THE STICKINESS ITSELF - seconds after a wall-jump launch during which the player's held movement input cannot steer the pawn back into the wall it just left. THIS IS THE REPEAT COMPLAINT'S ACTUAL CAUSE, and it is why v10 does not simply shave the input window again the way v9 did. A wall jump is nearly always performed while HOLDING the stick or the key toward the wall - that is how you got to the wall. ... [allowed range: 0.0 to 1.0]"
"Movement","Movement|Wall Jump","WallJumpInputBufferSeconds","Jump Input Buffer (s) [v10 §5]","0.12","s","float","UTraceSettings - Project Settings > Game > Trace Gameplay; [/Script/Trace.TraceSettings] in Config/DefaultGame.ini","SPEC v10 §5 - seconds a jump press is remembered and re-offered to the wall-jump test. The other half of ""it feels sticky"". v9 cut the CONTACT window to 0.15 s, which made the wall jump harder to buy AND did nothing for the feel, because a press that lands a frame or two BEFORE contact was simply thrown away - the player pressed jump, nothing happened, and they were still against the wall when it did not. A buffer ... [allowed range: 0.0 to 0.5]"
"Movement","Movement|Knife","KnifeMoveSpeedMultiplier","Knife Ground Speed (x walk) [v12 §3]","1.22","x walk","float","UTraceSettings - Project Settings > Game > Trace Gameplay; [/Script/Trace.TraceSettings] in Config/DefaultGame.ini","Ground speed multiplier while the knife is out. Spec v12 §3: 1.30 -> 1.22. Verbatim (v12 §3): ""Reduce max speed with the knife from the previous 30% increase to 22% and adjust momentum accordingly."" v10 §1 asked for the 30% (""Players should move 30% faster with a knife, as well as have a higher momentum ceiling""); v12 walks it back to 22%. x WalkSpeed, so the knife is a MOBILITY CHOICE and not merely a weapon - ... [allowed range: 1.0 to 3.0]"
"Movement","Movement|Knife","KnifeAirStrafeSoftCapMultiplier","Knife Air Soft Cap (x base) [v12 §3]","1.18333","x base","float","UTraceSettings - Project Settings > Game > Trace Gameplay; [/Script/Trace.TraceSettings] in Config/DefaultGame.ini","The ""higher momentum ceiling"", soft half. x AirStrafeSoftCapSpeed while the knife is out. TWO CEILING KNOBS, NOT ONE, and they are deliberately different numbers. The soft cap is where air-strafe gain starts falling off and the hard cap is where it stops; raising both by the same factor would move the ceiling without widening the band a skilled player actually plays in. The pair raises the ceiling AND opens the ... [allowed range: 1.0 to 3.0]"
"Movement","Movement|Knife","KnifeAirStrafeHardCapMultiplier","Knife Air Hard Cap (x base) [v12 §3]","1.25667","x base","float","UTraceSettings - Project Settings > Game > Trace Gameplay; [/Script/Trace.TraceSettings] in Config/DefaultGame.ini","The ""higher momentum ceiling"", hard half. x AirStrafeHardCapSpeed while the knife is out. KEEP THIS AT OR ABOVE KnifeAirStrafeSoftCapMultiplier. The component clamps each independently and does not cross-check them, so a hard multiplier below the soft one would put the hard cap under the soft cap and air-strafe gain would be cut off before the falloff ever began - the knife would feel SLOWER in the air than the gun, ... [allowed range: 1.0 to 3.0]"
"Movement","Movement|Wall Jump","WallJumpOutwardImpulse","Outward Impulse (uu/s)","360","uu/s","float","UTraceSettings - Project Settings > Game > Trace Gameplay; [/Script/Trace.TraceSettings] in Config/DefaultGame.ini","Flat uu/s pushed straight out along the wall normal, on top of the reflection. Without it a player who slides ALONG a wall reflects almost nothing (their velocity is nearly parallel to the face) and the wall jump does visibly nothing. This is the floor that makes a glancing wall jump still a wall jump. [allowed range: 0.0 to 2000.0]"
"Movement","Movement|Wall Jump","WallJumpVerticalMultiplier","Vertical (x jump)","1.05","x jump","float","UTraceSettings - Project Settings > Game > Trace Gameplay; [/Script/Trace.TraceSettings] in Config/DefaultGame.ini","Vertical launch, as a MULTIPLE OF JumpZVelocity - the unit every other launch in this kit uses, so it tracks the jump automatically if the jump is ever retuned. Slightly over 1 so a wall jump clears a little more than a standing jump and is legible as its own move. Combined with the consecutive cap below, 1.05 cannot climb a single flat wall. [allowed range: 0.0 to 2.0]"
"Movement","Movement|Wall Jump","WallJumpMaxConsecutive","Max Consecutive (no ground)","2","count","int32","UTraceSettings - Project Settings > Game > Trace Gameplay; [/Script/Trace.TraceSettings] in Config/DefaultGame.ini","Consecutive wall jumps allowed without touching the ground. THE ANTI-LADDER CAP, and spec v8 §7 asks for it by name: ""cap consecutive jumps without touching ground, or two close walls become an infinite ladder"". 2 buys the one thing the move is for - a wall, then a second wall, then you are somewhere new - and refuses the third, which is where a corridor becomes a staircase to the skybox. Raising it is the single ... [allowed range: 1 to 4]"
"Movement","Movement|Wall Jump","WallJumpMaxNormalZ","Max Wall Normal Z","0.4","cos, -1 to 1","float","UTraceSettings - Project Settings > Game > Trace Gameplay; [/Script/Trace.TraceSettings] in Config/DefaultGame.ini","Largest |Normal.Z| still counted as a wall. Above it the surface is a ramp, not a face. GetWalkableFloorZ() is 0.71 at the default 45-degree slope limit, so 0.4 leaves a clear band between ""wall"" and ""slope you could simply have walked up"" - without it a shallow ramp becomes a trampoline and the arena's approach geometry starts launching people. [allowed range: 0.0 to 0.9]"
"Movement","Movement|Slide Pose","SlidePoseLeanDegrees","Recline (deg)","30","deg","float","UTraceSettings - Project Settings > Game > Trace Gameplay; [/Script/Trace.TraceSettings] in Config/DefaultGame.ini","Degrees the body reclines into a slide. Positive = leaning BACK, feet leading, which is the Apex/Titanfall read and the thing that makes a slide legible at a distance. Sane range 20 to 40. Past ~50 the Mannequin's heels lift off the deck, because the mesh pivots about its own origin (the bottom of the capsule) rather than about a hip joint. [allowed range: 0.0 to 70.0]"
"Movement","Movement|Slide Pose","SlidePoseDropUU","Body Drop (uu)","20","uu","float","UTraceSettings - Project Settings > Game > Trace Gameplay; [/Script/Trace.TraceSettings] in Config/DefaultGame.ini","How far, in uu, the whole mesh drops toward the deck while sliding. The capsule deliberately does NOT shrink, so this is the only thing that makes a sliding player look low from the outside. Modest on purpose: the feet sit at the mesh origin, so a large drop buries them in the floor. Sane range 15 to 35. [allowed range: 0.0 to 80.0]"
"Movement","Movement|Slide Pose","SlidePoseRollDegrees","Roll (deg)","9","deg","float","UTraceSettings - Project Settings > Game > Trace Gameplay; [/Script/Trace.TraceSettings] in Config/DefaultGame.ini","Degrees of roll - one shoulder led into the slide. Breaks the symmetry so the pose reads as a body committed to a direction rather than a mannequin tipped back on a hinge. 0 is a clean recline; sane range 6 to 15. [allowed range: -40.0 to 40.0]"
"Movement","Movement|Slide Pose","SlidePoseAnimRateScale","Anim Rate While Sliding","0.12","x (multiplier)","float","UTraceSettings - Project Settings > Game > Trace Gameplay; [/Script/Trace.TraceSettings] in Config/DefaultGame.ini","Animation play rate while sliding, as a fraction of normal. THE MOST IMPORTANT ONE. Without it the pawn keeps playing BS_Idle_Walk_Run at slide speed, so a sliding player's legs churn at a full sprint cadence while the torso lies back - which is the one thing that unambiguously reads as a bug rather than a move. Near zero freezes the legs mid-stride, close enough to ""extended into a slide"" to sell it. 1.0 disables ... [allowed range: 0.0 to 1.0]"
"Movement","Movement|Slide Pose","SlidePoseBlendSpeed","Blend Speed","9","uu/s","float","UTraceSettings - Project Settings > Game > Trace Gameplay; [/Script/Trace.TraceSettings] in Config/DefaultGame.ini","How fast the pose blends in and out (FInterpTo speed). Fast enough to land with the slide, slow enough to be a move rather than a cut. Sane range 7 to 14. [allowed range: 1.0 to 30.0]"
"Weapons - Pistol and shared","Combat","MaxHealth","Max Health","100","HP","float","UTraceSettings - Project Settings > Game > Trace Gameplay; [/Script/Trace.TraceSettings] in Config/DefaultGame.ini","Starting and maximum health. Three body shots (40 each) is the designed time-to-kill. [allowed range: 1.0 to 1000.0]"
"Weapons - Pistol and shared","Combat","HitscanRange","Hitscan Range (uu)","39600","uu","float","UTraceSettings - Project Settings > Game > Trace Gameplay; [/Script/Trace.TraceSettings] in Config/DefaultGame.ini","Maximum hitscan distance in unreal units. Must span the arena diagonal or shots silently die in mid-air short of a visible target. The field is 33600 x 9600 (spec v4 §3 lengthened it from 24000 for the 3.5:1 proportion), so the diagonal is 34944 uu; 36000 covers it with 1056 uu of margin. The 28000 that preceded this covered the OLD 24000-long field and fell 6944 uu short of the new one - a shot down the spine ... [allowed range: 100.0 to 200000.0]"
"Weapons - Pistol and shared","Combat","FireInterval","Fire Interval (s between shots)","0.315789","s","float","UTraceSettings - Project Settings > Game > Trace Gameplay; [/Script/Trace.TraceSettings] in Config/DefaultGame.ini","SECONDS BETWEEN SHOTS - this is the inverse of the fire RATE, so a BIGGER number is a SLOWER gun. The server validates a client's claimed fire rate against this with a tolerance. *** 0.40 -> 0.315789 THIS PASS (spec v24 §4). *** ""Gun fire rate 150 -> 190 RPM."" 60/190 = 0.315789 s between shots, i.e. 3.17 shots/second, up from 2.5 (150 RPM). The pass before this one took it 0.16 -> 0.40 for spec v5 §5's 150 RPM. *** ... [allowed range: 0.02 to 2.0]"
"Weapons - Pistol and shared","Combat","bFriendlyFire","Friendly Fire","false","on/off","bool","UTraceSettings - Project Settings > Game > Trace Gameplay; [/Script/Trace.TraceSettings] in Config/DefaultGame.ini","Off by design: teammates never damage each other. Flip only for tuning experiments."
"Weapons - Pistol and shared","Combat","ClipSize","Clip Size (rounds) [v16 §1]","30","rounds","int32","UTraceSettings - Project Settings > Game > Trace Gameplay; [/Script/Trace.TraceSettings] in Config/DefaultGame.ini","ROUNDS PER CLIP. Spec v16 §1: ""30 bullets per clip"". THE RESERVE IS INFINITE - there is deliberately no carried-ammo knob beside this one. The document never mentions carried ammo, and a shooter that can run permanently dry is a much bigger design change than the line asks for. Only the clip is finite, and a reload always refills it completely. Worth reading in the units of the gun that spends it: FireInterval is ... [allowed range: 1 to 999]"
"Weapons - Pistol and shared","Combat","ReloadSeconds","Reload Time (s) [v16 §1]","0.5","s","float","UTraceSettings - Project Settings > Game > Trace Gameplay; [/Script/Trace.TraceSettings] in Config/DefaultGame.ini","SECONDS THE RELOAD TAKES, during which the gun refuses to fire. Spec v16 §1: ""Reloading takes .5seconds"". It is a DEADLINE on the shared clock at runtime, not a countdown (see UTraceWeaponComponent::ReloadEndServerTime), for the same reason the knife's 0.2 s pullout is: one float that means the same instant on the client that predicted it and the server that validates against it. The knife is unaffected - CanSwing() ... [allowed range: 0.05 to 10.0]"
"Weapons - Pistol and shared","Combat|Fire Mode","bPistolFullAuto","Pistol is FULL AUTO [v29 §2b: FALSE — one shot per press]","false","on/off","bool","UTraceSettings - Project Settings > Game > Trace Gameplay; [/Script/Trace.TraceSettings] in Config/DefaultGame.ini","*** FALSE, AND THAT IS THE WHOLE OF §2b. *** One round per trigger press: the tick's repeat is refused for the pistol, so releasing and pressing again is the only way to fire the next round. TRUE is the RED ARM (the v28 pistol) and Trace.Weapons.V29 measures both. The fire INTERVAL still applies on top: a press inside 0.3158 s of the last round is refused by the same rate gate it always was. Semi-automatic is a ..."
"Weapons - Pistol and shared","Combat|Fire Mode","bSmgFullAuto","SMG is FULL AUTO [v29 §2b: TRUE — unchanged from v28]","true","on/off","bool","UTraceSettings - Project Settings > Game > Trace Gameplay; [/Script/Trace.TraceSettings] in Config/DefaultGame.ini","""The SMG stays full auto."" A held trigger keeps feeding it at SmgFireInterval."
"Weapons - Pistol and shared","Combat|Fire Mode","FireIntervalCarryFraction","Fire Clock Carry (fraction of the fire interval) [v29 §2f: 0.2; 0 = the 537 RPM bug]","0.2","0-1","float","UTraceSettings - Project Settings > Game > Trace Gameplay; [/Script/Trace.TraceSettings] in Config/DefaultGame.ini","How much of an interval the fire clock may carry from one round to the next, AS A FRACTION OF THE FIRE INTERVAL. *** A FRACTION AND NEVER A NUMBER OF SECONDS (standing rule). *** It modifies the fire interval, so it is stored relative to it: 0.2 means ""up to a fifth of an interval"", which is 0.02 s for the SMG and 0.063 s for the pistol without either weapon being named here. A seconds knob would have been tuned ... [allowed range: 0.0 to 0.2]"
"Weapons - SMG","Combat|SMG","SmgFireInterval","SMG Fire Interval (s) [v28 §9: 0.1 = 600 RPM]","0.1","s","float","UTraceSettings - Project Settings > Game > Trace Gameplay; [/Script/Trace.TraceSettings] in Config/DefaultGame.ini","SECONDS BETWEEN SMG ROUNDS. 600 RPM = 60/600 = 0.1 s exactly. A PERIOD, like FireInterval, so a SMALLER number is a FASTER gun - the same trap the pistol's ini block warns about. The ability scales DIVIDE into this through GetFireIntervalScaleFor(). Worth reading against the clip beside it: 40 rounds at 0.1 s empties in 39 x 0.1 = 3.9 s (the first round is free), then 1.3 s of reload (spec v29 §2c, was 0.8) - a 75% ... [allowed range: 0.02 to 2.0]"
"Weapons - SMG","Combat|SMG","SmgClipSize","SMG Clip Size (rounds) [v28 §9: 40]","40","rounds","int32","UTraceSettings - Project Settings > Game > Trace Gameplay; [/Script/Trace.TraceSettings] in Config/DefaultGame.ini","""give the gun 40 ammo"". Rounds per SMG clip; the reserve is infinite, exactly as the pistol's is. [allowed range: 1 to 999]"
"Weapons - SMG","Combat|SMG","SmgReloadSeconds","SMG Reload Time (s) [v29 §2c: 1.3, was 0.8]","1.3","s","float","UTraceSettings - Project Settings > Game > Trace Gameplay; [/Script/Trace.TraceSettings] in Config/DefaultGame.ini","SMG RELOAD. *** 0.8 -> 1.3 THIS PASS (spec v29 §2c). *** A deadline on the shared clock at runtime, not a countdown, so the client that predicts it and the server that validates it mean the same instant. What the extra half second costs, in the units of the gun that spends it: 40 rounds at 0.1 s empties in 39 x 0.1 = 3.9 s (the first round is free), so the duty cycle falls from 3.9/4.7 = 83% to 3.9/5.2 = 75%. ... [allowed range: 0.05 to 10.0]"
"Weapons - SMG","Combat|SMG","SmgHeadDamage","SMG Head Damage [v28 §9: 33]","33","HP","float","UTraceSettings - Project Settings > Game > Trace Gameplay; [/Script/Trace.TraceSettings] in Config/DefaultGame.ini","""33 to the head"". THREE HEAD SHOTS TO KILL against 100 health, where the pistol's one does. That is the trade the owner's numbers describe and it is worth stating: the SMG never one-shots. [allowed range: 0.0 to 500.0]"
"Weapons - SMG","Combat|SMG","SmgBodyDamage","SMG Body Damage [v28 §9: 18]","18","HP","float","UTraceSettings - Project Settings > Game > Trace Gameplay; [/Script/Trace.TraceSettings] in Config/DefaultGame.ini","""18 to the body"". Six body shots to kill = 0.5 s of held trigger on target. [allowed range: 0.0 to 500.0]"
"Weapons - SMG","Combat|SMG","SmgLegDamage","SMG Leg Damage [v28 §9: 12]","12","HP","float","UTraceSettings - Project Settings > Game > Trace Gameplay; [/Script/Trace.TraceSettings] in Config/DefaultGame.ini","""12 to the leg"". Nine leg shots to kill = 0.8 s. [allowed range: 0.0 to 500.0]"
"Weapons - SMG","Combat|SMG","bSmgDamageFalloff","SMG Damage Falloff Enabled [v29 §2d]","true","on/off","bool","UTraceSettings - Project Settings > Game > Trace Gameplay; [/Script/Trace.TraceSettings] in Config/DefaultGame.ini","Master switch for the falloff. FALSE is the RED ARM - the v28 SMG, one flat damage table at every range - which is what Trace.Weapons.V29 measures against so that a passing far-range check cannot be an accident of some other rule."
"Weapons - SMG","Combat|SMG","SmgFalloffStartUU","SMG Falloff Start (uu) [v29 §2d: 800]","800","uu","float","UTraceSettings - Project Settings > Game > Trace Gameplay; [/Script/Trace.TraceSettings] in Config/DefaultGame.ini","""800 uu falloff"". Shots at or inside this range pay the near table; past it, the far table. Measured muzzle-to-impact along the bullet, on the SERVER, from the same rewound resolve that decided the zone - so the range that is priced is the range the server agrees the shot travelled, not a client-supplied number. [allowed range: 0.0 to 40000.0]"
"Weapons - SMG","Combat|SMG","SmgFalloffRampUU","SMG Falloff Ramp Length (uu past the start; 0 = a cliff) [v29 §2d]","0","uu","float","UTraceSettings - Project Settings > Game > Trace Gameplay; [/Script/Trace.TraceSettings] in Config/DefaultGame.ini","LENGTH of the blend past the start, in uu. *** 0 = THE CLIFF, WHICH IS WHAT SHIPS. *** *** STORED AS A LENGTH FROM THE START, NEVER AS AN ABSOLUTE END DISTANCE (standing rule). *** The end of the ramp is SmgFalloffStartUU + this. Storing ""SmgFalloffEndUU = 1600"" instead would mean moving the 800 to 1200 silently shortened the ramp from 800 uu to 400, and moving it past the end would invert it into a damage BOOST ... [allowed range: 0.0 to 40000.0]"
"Weapons - SMG","Combat|SMG","SmgFarHeadDamage","SMG Head Damage past the falloff [v29 §2d: 24]","24","HP","float","UTraceSettings - Project Settings > Game > Trace Gameplay; [/Script/Trace.TraceSettings] in Config/DefaultGame.ini","""drop to 24, 15, 10"". THE FAR TABLE, HELD AT EVERY RANGE PAST THE FALLOFF. *** THREE ABSOLUTE NUMBERS AND NOT THREE FRACTIONS, AND THAT IS THE CORRECT READING OF THE STANDING RULE. *** The rule is that a value which MODIFIES a base must be relative to it. These do not modify the near table: the owner gave six independent numbers for two tables, and storing 24 as ""0.727 x SmgHeadDamage"" would mean retuning the ... [allowed range: 0.0 to 500.0]"
"Weapons - SMG","Combat|SMG","SmgFarBodyDamage","SMG Body Damage past the falloff [v29 §2d: 15]","15","HP","float","UTraceSettings - Project Settings > Game > Trace Gameplay; [/Script/Trace.TraceSettings] in Config/DefaultGame.ini","""15"" past the falloff. Seven body shots to kill instead of six. [allowed range: 0.0 to 500.0]"
"Weapons - SMG","Combat|SMG","SmgFarLegDamage","SMG Leg Damage past the falloff [v29 §2d: 10]","10","HP","float","UTraceSettings - Project Settings > Game > Trace Gameplay; [/Script/Trace.TraceSettings] in Config/DefaultGame.ini","""10"" past the falloff. Ten leg shots to kill instead of nine. [allowed range: 0.0 to 500.0]"
"Weapons - Recoil","Combat|Recoil","bRecoilEnabled","Upwards Recoil Enabled","false","on/off","bool","UTraceSettings - Project Settings > Game > Trace Gameplay; [/Script/Trace.TraceSettings] in Config/DefaultGame.ini","Master switch for view recoil. OFF restores the perfectly static muzzle the gun shipped with. *** FALSE AS OF SPEC v25 §5. This one line is the whole of ""remove gun recoil"". *** It was already the A/B switch - it exists so the gun feel could be compared against its absence from one binary - so the removal is the arm that was already built and measured, not a new code path. `Trace.TestRecoil` reports peak climb, ..."
"Weapons - Recoil","Combat|Recoil","RecoilPitchPerShot","Pitch Kick Per Shot (deg)","0.8","deg","float","UTraceSettings - Project Settings > Game > Trace Gameplay; [/Script/Trace.TraceSettings] in Config/DefaultGame.ini","Degrees of UPWARD pitch added to the local player's view by the FIRST shot of a burst. THE HEADLINE KNOB. At arena distances one degree is about 70 uu of vertical travel per 4000 uu of range, and the character capsule is 176 uu tall - so 0.8 deg moves the point of aim by roughly a third of a body per shot at a long engagement, and by almost nothing across a room. That distance dependence is what makes recoil a ... [allowed range: 0.0 to 15.0]"
"Weapons - Recoil","Combat|Recoil","RecoilPitchGrowthPerShot","Growth Per Consecutive Shot (fraction)","0.18","fraction","float","UTraceSettings - Project Settings > Game > Trace Gameplay; [/Script/Trace.TraceSettings] in Config/DefaultGame.ini","Fraction of the base kick ADDED for each further consecutive shot, so sustained fire climbs. Shot n of a burst kicks PitchKickPerShot * (1 + this * n), n counting from 0. At 0.18 a burst goes 0.80, 0.94, 1.09, 1.23 ... which is the Destiny read: the first round is nearly free and the pattern opens up on you if you hold the trigger. 0 makes every shot in a burst identical. Sane range 0 to 0.35. The total is bounded ... [allowed range: 0.0 to 2.0]"
"Weapons - Recoil","Combat|Recoil","RecoilMaxPitchDegrees","Max Accumulated Pitch (deg)","6","deg","float","UTraceSettings - Project Settings > Game > Trace Gameplay; [/Script/Trace.TraceSettings] in Config/DefaultGame.ini","Ceiling, in degrees, on how far above the original aim the un-recovered climb may take the view. The kick is truncated at the ceiling rather than the ceiling being enforced afterwards, so the view never overshoots and snaps back. This is what stops a held trigger from walking the crosshair into the sky, and it is the knob to lower if long bursts stop being aimable at all. Sane range 3 to 8. [allowed range: 0.0 to 45.0]"
"Weapons - Recoil","Combat|Recoil","RecoilRecoveryDelaySeconds","Recovery Delay (s after last shot)","0.45","s","float","UTraceSettings - Project Settings > Game > Trace Gameplay; [/Script/Trace.TraceSettings] in Config/DefaultGame.ini","Seconds after the LAST shot before recovery starts pulling the view back down. KEEP THIS AT OR ABOVE FireInterval (now 0.3158, spec v24 §4) OR THE GUN NEVER CLIMBS. Recovery that starts between two shots of a held burst undoes each kick before the next one lands, which produces a muzzle that twitches and returns instead of a pattern the player can learn and pre-aim against. 0.45 s was ""one fire interval plus a beat"" ... [allowed range: 0.0 to 3.0]"
"Weapons - Recoil","Combat|Recoil","RecoilRecoverySpeed","Recovery Speed (proportional, per s)","6","uu/s","float","UTraceSettings - Project Settings > Game > Trace Gameplay; [/Script/Trace.TraceSettings] in Config/DefaultGame.ini","Proportional recovery rate, per second (an FInterpTo speed): the view gives back this fraction of the REMAINING climb every second, so the return decelerates as it lands. Proportional rather than linear because a constant-rate return reads as the camera being driven by something rather than settling. At 6 the first half of the climb is gone in about 0.12 s and the tail takes ~0.5 s. Sane range 3 (languid) to 12 ... [allowed range: 0.0 to 40.0]"
"Weapons - Recoil","Combat|Recoil","RecoilRecoveryMinRateDegrees","Recovery Floor (deg/s)","4","deg/s","float","UTraceSettings - Project Settings > Game > Trace Gameplay; [/Script/Trace.TraceSettings] in Config/DefaultGame.ini","Floor, in degrees per second, under the proportional recovery above. A purely proportional return has an infinite tail: it takes as long to go 0.2 deg -> 0.1 deg as 2 deg -> 1 deg, so the view hangs a fraction of a degree high for a second or more and the player's next burst starts from somewhere they did not choose. This term is what actually lands it. Sane range 2 to 8; 0 restores the infinite tail. [allowed range: 0.0 to 90.0]"
"Weapons - Recoil","Combat|Recoil","RecoilBurstResetSeconds","Burst Reset Gap (s)","0.75","s","float","UTraceSettings - Project Settings > Game > Trace Gameplay; [/Script/Trace.TraceSettings] in Config/DefaultGame.ini","A gap of this many seconds between shots resets the per-shot GROWTH back to the first-shot kick. It does not touch the climb already accumulated, which recovers on its own schedule. Without it, ten single aimed shots spread over a minute would each kick harder than the last. Keep it above FireInterval (now 0.3158, spec v24 §4) or a held burst resets its own growth every shot and the growth term does nothing. Sane ... [allowed range: 0.0 to 5.0]"
"Weapons - Recoil","Combat|Recoil","bRecoilPlayerCompensationCancels","Player Compensation Cancels Recovery","true","on/off","bool","UTraceSettings - Project Settings > Game > Trace Gameplay; [/Script/Trace.TraceSettings] in Config/DefaultGame.ini","True: pulling the mouse DOWN during recovery cancels an equal amount of the pending return, so the player's own compensation is not paid back to them as a second, downward kick when the gun settles. This is the difference between recoil a player can fight and recoil that fights back. With it off, a player who drags down 3 degrees to hold the crosshair on a chest gets those 3 degrees subtracted AGAIN by the recovery ..."
"Weapons - Recoil","Combat|Recoil","RoxieModdedRecoilScale","Roxie MODDED: added recoil (x Pitch Kick Per Shot) [v29 §2e: 1.0; 0 = the Demo 24 build]","1","x (multiplier)","float","UTraceSettings - Project Settings > Game > Trace Gameplay; [/Script/Trace.TraceSettings] in Config/DefaultGame.ini","Degrees of per-shot kick MODDED adds, AS A MULTIPLE OF RecoilPitchPerShot. 1.0 = exactly the v5 gun's kick (0.80 deg on the first round of a burst, growing 18% a round to the 6 deg ceiling) while MODDED is up, and nothing at all when it is not. *** 0.0 IS THE RED ARM: MODDED with no recoil, i.e. the Demo 24 build. *** Trace.Weapons.V29 fires her at 0.0 and at the shipped value and compares the measured climb, ... [allowed range: 0.0 to 8.0]"
"Weapons - Tracer and bullet VFX","Tracer","TracerRadiusPerLength","Beam Radius per uu of Shot Length","0.00155","uu","float","UTraceSettings - Project Settings > Game > Trace Gameplay; [/Script/Trace.TraceSettings] in Config/DefaultGame.ini","Core beam RADIUS per uu of shot length. Halved this pass: 0.0031 -> 0.00155. A 4000 uu shot is now 6.2 uu in radius where it was 12.4. Clamped at both ends by the two values below, and this is the middle of the three - most in-arena shots land between the clamps, so this is the number to move if the beam is broadly too fat or too thin. [allowed range: 0.0 to 0.05]"
"Weapons - Tracer and bullet VFX","Tracer","TracerRadiusMinUU","Beam Radius Min (uu)","1.75","uu","float","UTraceSettings - Project Settings > Game > Trace Gameplay; [/Script/Trace.TraceSettings] in Config/DefaultGame.ini","Floor on the core beam radius, uu. Halved this pass: 2.5 -> 1.75. NOT halved quite as far as the rest, and deliberately. This governs SHORT shots, which are the ones already fired at point-blank range in a scrum, and it is the value that decides whether a beam is a line or a sub-pixel shimmer. Below ~1.2 uu a short shot stops resolving on a 1280-wide back buffer at all, and ""thinner"" turns into ""gone"" - which is the ... [allowed range: 0.1 to 100.0]"
"Weapons - Tracer and bullet VFX","Tracer","TracerRadiusMaxUU","Beam Radius Max (uu)","6.5","uu","float","UTraceSettings - Project Settings > Game > Trace Gameplay; [/Script/Trace.TraceSettings] in Config/DefaultGame.ini","Ceiling on the core beam radius, uu. Halved this pass: 13.0 -> 6.5. Governs LONG shots - anything past ~4200 uu is on this clamp - so this is what a cross-map shot actually looks like, and it is the single biggest contributor to ""the tracers are too thick"". The angular size it produces is what matters: 6.5 uu at 8000 uu away is about 0.09 degrees, roughly 2.5 px at 1280 wide and a 95 degree field of view, plus the ... [allowed range: 0.5 to 200.0]"
"Weapons - Tracer and bullet VFX","Tracer","TracerSheathRadiusRatio","Halo Radius (multiple of beam radius)","3.2","uu","float","UTraceSettings - Project Settings > Game > Trace Gameplay; [/Script/Trace.TraceSettings] in Config/DefaultGame.ini","The soft additive team-coloured halo is this many times the core's radius. DELIBERATELY LEFT AT ITS OLD VALUE WHILE THE CORE WAS HALVED, which is what keeps a thin beam legible at distance. The halo is additive, writes no depth and is heavily bloomed, so it costs the player nothing in occlusion - it is what your eye finds across the arena, and the hard thin core inside it is what tells you exactly where the shot ... [allowed range: 1.0 to 12.0]"
"Weapons - Tracer and bullet VFX","Tracer","bTracerMuzzleFlash","Muzzle Flash","true","on/off","bool","UTraceSettings - Project Settings > Game > Trace Gameplay; [/Script/Trace.TraceSettings] in Config/DefaultGame.ini","Draw the small bright sphere at the MUZZLE end of the beam. ON by default. This is not the sphere spec v4 §4 asks to remove - that one was at the impact end and is deleted outright. This one sits on the viewmodel, 120 uu from the shooter's own eye, and it is a large part of why a first-person shot is visible at all: the beam runs almost straight away from the camera and projects to nearly a point, so the flash at ..."
"Weapons - Tracer and bullet VFX","Tracer","TracerMuzzleRadiusUU","Muzzle Flash Radius (uu)","2.5","uu","float","UTraceSettings - Project Settings > Game > Trace Gameplay; [/Script/Trace.TraceSettings] in Config/DefaultGame.ini","Muzzle flash RADIUS at the instant of firing, uu. Halved with the beam: 5.0 -> 2.5. Kept small on purpose, and the reason is not subtlety. Unlit emissive does not attenuate with distance, so a flash this close to the eye arrives at full intensity: measured larger and hotter first, it bloomed into a blob that ate the middle of the screen on every shot - a flashbang, not a muzzle flash. Do not push it far past ~6. [allowed range: 0.1 to 60.0]"
"Damage and hit zones","Damage","HeadDamage","","100","HP","float","UTraceDamageSettings - Project Settings > Game > Trace Damage Zones","Spec §6: a head shot is a kill outright, so this must stay >= UTraceSettings::MaxHealth."
"Damage and hit zones","Damage","BodyDamage","","40","HP","float","UTraceDamageSettings - Project Settings > Game > Trace Damage Zones","Torso and arms. Three body shots to kill (40 + 40 + 40 = 120 >= 100)."
"Damage and hit zones","Damage","LegDamage","","25","HP","float","UTraceDamageSettings - Project Settings > Game > Trace Damage Zones","Below the hips. STILL FOUR LEG SHOTS TO KILL (25 x 4 = 100 >= 100). *** 30 -> 25 THIS PASS. SPEC v29 §2a: THE OWNER HAS ANSWERED THE OPEN QUESTION AND THE ANSWER IS 25. *** Every spec table since §6 printed the pistol as 100/40/25 while this knob shipped 30 - the v28 §9 harness noticed the contradiction and deliberately refused to assert either number rather than bake a guess into a test (see Trace.Weapons.V28's ..."
"Damage and hit zones","Zones","HipHeightFraction","","0.46","0-1","float","UTraceDamageSettings - Project Settings > Game > Trace Damage Zones","Everything strictly below this fraction of the capsule height is legs. [allowed range: 0.05 to 0.9]"
"Damage and hit zones","Zones","HeadCenterHeightFraction","","0.905","0-1","float","UTraceDamageSettings - Project Settings > Game > Trace Damage Zones","Height of the head sphere's centre. [allowed range: 0.5 to 1.0]"
"Damage and hit zones","Zones","HeadRadiusFraction","","0.082","0-1","float","UTraceDamageSettings - Project Settings > Game > Trace Damage Zones","Radius of the head sphere. Raise to make one-shot kills more forgiving. [allowed range: 0.01 to 0.3]"
"Melee (Knife)","Damage","BackstabDamage","","100","HP","float","UTraceMeleeSettings - Project Settings > Game > Trace Melee (Knife); [/Script/Trace.TraceMeleeSettings] in DefaultGame.ini","""100 damage if hitting a player in the back"". MaxHealth is 100, so this is a kill outright and must stay >= UTraceSettings::MaxHealth or the headline promise of the weapon stops being true. [allowed range: 1.0 to 500.0]"
"Melee (Knife)","Damage","FrontDamage","","30","HP","float","UTraceMeleeSettings - Project Settings > Game > Trace Melee (Knife); [/Script/Trace.TraceMeleeSettings] in DefaultGame.ini","""30 damage in the front"". Four front swings to kill at 0.5 s apart is 1.5 s of standing in somebody's face, which is the point: the knife's front hit is a punish for being caught out, not a duelling option against a gun that kills in three body shots. [allowed range: 1.0 to 500.0]"
"Melee (Knife)","Damage","BackstabHalfAngleDegrees","","30","deg","float","UTraceMeleeSettings - Project Settings > Game > Trace Melee (Knife); [/Script/Trace.TraceMeleeSettings] in DefaultGame.ini","HALF-angle, in degrees, of the rear cone that counts as a back-stab - measured between the victim's forward vector and the direction from the attacker to the victim. 30, i.e. a 60-DEGREE CONE centred on directly-behind (spec v12 §1: ""from a boundary at 90 degrees to 60 degrees, with the center of the 60 angle being at the center of the model""). The full width of the back zone is therefore 2x this number, which is ... [allowed range: 5.0 to 179.0]"
"Melee (Knife)","Timing","SwingCooldownSeconds","","0.5","s","float","UTraceMeleeSettings - Project Settings > Game > Trace Melee (Knife); [/Script/Trace.TraceMeleeSettings] in DefaultGame.ini","""It should take .5seconds after a knife swing before a player can knife again."" Measured from the START of a swing, not from its resolve, so the interval a player can actually observe - press to press - is exactly this number. [allowed range: 0.05 to 5.0]"
"Melee (Knife)","Timing","SwapSeconds","","0.2","s","float","UTraceMeleeSettings - Project Settings > Game > Trace Melee (Knife); [/Script/Trace.TraceMeleeSettings] in DefaultGame.ini","""Knife and gun pullout time should be roughly .2seconds."" One number for both directions - the user gave one number, and a knife that comes up faster than it goes away is a second mechanic nobody asked for. Neither shooting nor swinging is possible for this long after a swap, on the server as well as on the client. [allowed range: 0.0 to 2.0]"
"Melee (Knife)","Timing","SwingWindupSeconds","","0.1","s","float","UTraceMeleeSettings - Project Settings > Game > Trace Melee (Knife); [/Script/Trace.TraceMeleeSettings] in DefaultGame.ini","Delay from the press to the instant the blade is resolved, i.e. how far into the animation the edge passes through the target. This is what makes the swing read as a SWING. Resolving on the press would put the damage on frame one of a wind-up, so the victim would die before the blade had visibly moved - the exact ""hitscan point"" spec §1 rejects. It is charged against SwingCooldownSeconds rather than added to it (the ... [allowed range: 0.0 to 0.4]"
"Melee (Knife)","Timing","SwingAnimSeconds","","0.32","s","float","UTraceMeleeSettings - Project Settings > Game > Trace Melee (Knife); [/Script/Trace.TraceMeleeSettings] in DefaultGame.ini","How long the whole swing animation runs. Cosmetic only; never gates anything. [allowed range: 0.05 to 1.0]"
"Melee (Knife)","Reach","SwingRangeUU","","180","uu","float","UTraceMeleeSettings - Project Settings > Game > Trace Melee (Knife); [/Script/Trace.TraceMeleeSettings] in DefaultGame.ini","How far the blade reaches from the muzzle point, in uu. 180 is a bit over one capsule diameter (68) plus a capsule radius of standoff, so you connect at the range you would expect to be able to touch somebody and not appreciably further. Note this is measured from GetMuzzleLocation(), which already sits ~22 uu ahead of the eye. [allowed range: 20.0 to 1000.0]"
"Melee (Knife)","Reach","SwingArcDegrees","","140","deg","float","UTraceMeleeSettings - Project Settings > Game > Trace Melee (Knife); [/Script/Trace.TraceMeleeSettings] in DefaultGame.ini","Total width of the swept arc in degrees, centred on the aim direction. 140 is wide enough that a passing slash connects without the crosshair being on the body, which is what separates a slash from a very short shotgun. [allowed range: 5.0 to 270.0]"
"Melee (Knife)","Reach","SwingSamples","","15","count","int32","UTraceMeleeSettings - Project Settings > Game > Trace Melee (Knife); [/Script/Trace.TraceMeleeSettings] in DefaultGame.ini","How many rays the arc is sampled with. Keep it ODD so one sample always runs dead ahead. THE RULE FOR CHOOSING IT, and it is arithmetic rather than taste: the chord between adjacent rays at maximum reach, chord = 2 * SwingRangeUU * sin( radians(SwingArcDegrees) / (2 * (SwingSamples - 1)) ) must stay at or under the 34 uu capsule radius, or a body can sit between two rays and take nothing from a swing that visibly ... [allowed range: 1 to 51]"
"Melee (Knife)","Bots","BotEngageRangeUU","","500","uu","float","UTraceMeleeSettings - Project Settings > Game > Trace Melee (Knife); [/Script/Trace.TraceMeleeSettings] in DefaultGame.ini","Distance at or inside which a bot swaps to the knife to close on its target. The +22% makes the knife the correct chase tool, so the bot's rule is a range band rather than a state: inside this it is worth trading the gun for the speed, outside BotDisengageRangeUU it is not. The gap between the two is hysteresis - without it a bot at exactly the boundary swap-thrashes and spends its whole life in a 0.2 s pullout. ... [allowed range: 0.0 to 5000.0]"
"Melee (Knife)","Bots","BotDisengageRangeUU","","750","uu","float","UTraceMeleeSettings - Project Settings > Game > Trace Melee (Knife); [/Script/Trace.TraceMeleeSettings] in DefaultGame.ini","Range at which a knife-carrying bot gives up and puts the gun back. Must exceed the engage range. [allowed range: 0.0 to 6000.0]"
"Melee (Knife)","Bots","BotSwingRangeFraction","","0.85","0-1","float","UTraceMeleeSettings - Project Settings > Game > Trace Melee (Knife); [/Script/Trace.TraceMeleeSettings] in DefaultGame.ini","Fraction of SwingRangeUU a bot must be inside before it swings. Under 1 so it does not flail. [allowed range: 0.1 to 1.0]"
"Melee (Knife)","Dual wield","bDualWieldKnife","Dual-wield the knife with a gun [v28 §10 — THE REVERT SWITCH]","true","on/off","bool","UTraceMeleeSettings - Project Settings > Game > Trace Melee (Knife); [/Script/Trace.TraceMeleeSettings] in DefaultGame.ini","*** T H E O N E S W I T C H (spec v28 §10) *** Spec v28 §10, verbatim: ""Knives are being changed so that you can dual wield them with a gun. Gun in one hand, knife in the other. [...] But you no longer have to swap between knife and gun, just the different guns. Make these knife changes easy to revert with one prompt."" *** THIS BOOL IS THAT ONE PROMPT. *** Set it false - here, in Config/DefaultGame.ini, with ..."
"Health and regeneration","Regeneration","bRegenEnabled","Enable Health Regeneration","true","on/off","bool","UTraceHealthSettings - Project Settings > Game > Trace Health (Regeneration)","Master switch for the whole mechanic. Shipped ON. It exists so the regen self-test can be shown going RED on a build without the feature - `Trace.Health.Regen 0` is the same arm as the console override and both funnel through TraceHealthRegen::IsEnabled()."
"Health and regeneration","Regeneration","RegenDelaySeconds","Regen Delay (s)","9","s","float","UTraceHealthSettings - Project Settings > Game > Trace Health (Regeneration)","""After 9 seconds without taking damage"" - seconds from the LAST DAMAGE TAKEN to the first health gained. Verbatim from the spec, so treat 9 as the design and not as a starting point. Measured from damage that actually landed. A bullet dropped by carrier invulnerability is not damage taken and deliberately does not restart this clock (see ApplyDamage): a carrier being shot at ineffectually all the way down the field ... [allowed range: 0.0 to 60.0]"
"Health and regeneration","Regeneration","RegenRatePerSecond","Regen Rate (HP/s)","10","HP/s","float","UTraceHealthSettings - Project Settings > Game > Trace Health (Regeneration)","HP per second once regeneration is running. 10 HP/s is 0 -> 100 in ten seconds, the spec's [ASSUMPTION] for ""slowly"". Worth stating in the units of the guns that oppose it: a body shot is 40 (three to kill), so this buys back one body shot every four seconds of not being shot. The 9 s delay is what makes that a reward for disengaging rather than a reward for winning a trade. [allowed range: 0.1 to 1000.0]"
"Parry","Parry","ParryDuration","Parry Duration (s)","0.175","s","float","UTraceSettings - Project Settings > Game > Trace Gameplay; [/Script/Trace.TraceSettings] in Config/DefaultGame.ini","Seconds of trace invulnerability granted by a parry. Spec v10 §4: 0.175 (v8 §3 put it at 0.2, v3 §3 at 0.1). THE WINDOW AND THE INVULNERABILITY ARE THE SAME NUMBER, and spec v10 §4 asks the question outright, so here is the answer in the one place a tuner will look. This codebase has no separate ""press window"": a parry is not a state you can be caught inside, it is an instantaneous grant. ... [allowed range: 0.02 to 2.0]"
"Parry","Parry","ParryCooldown","Parry Cooldown (s)","1.5","s","float","UTraceSettings - Project Settings > Game > Trace Gameplay; [/Script/Trace.TraceSettings] in Config/DefaultGame.ini","Seconds before the carrier may parry again, measured from the parry's START. [ASSUMPTION] - the spec does not give one. 1.5 s against v8's 0.2 s window is a ~13% uptime, which keeps it a reaction check: spamming it covers almost nothing, so a defender's dash timing still beats a carrier's button mashing. Drop it toward 0.5 and the carrier can simply hold the lane covered; the mechanic then reads as ""the carrier is ... [allowed range: 0.0 to 30.0]"
"Parry","Parry","bParryKillsDasher","Parry Kills the Dasher","true","on/off","bool","UTraceSettings - Project Settings > Game > Trace Gameplay; [/Script/Trace.TraceSettings] in Config/DefaultGame.ini","Spec v6 §3: ""Perfectly timed parries should kill the enemy dashing."" A parry that actually intercepts a dash which WOULD have killed the carrier now kills the dasher instead of merely saving the carrier. False restores the pre-v6 behaviour (the parry is purely protective). Only a dash that would genuinely have been lethal is punished - a parry thrown at empty air kills nobody, and under a TrailLethality tuning where ..."
"Parry","Parry","ParryTintColor","Parry Trace Tint","(R=1.000000,G=0.030000,B=0.060000,A=1.000000)","RGBA 0-1","FLinearColor","UTraceSettings - Project Settings > Game > Trace Gameplay; [/Script/Trace.TraceSettings] in Config/DefaultGame.ini","Colour the ENTIRE trace turns for the duration of a parry. Spec §3 says red. A gameplay tell, not decoration: it is how the dashing enemy learns their dash is about to be wasted and how the carrier confirms the parry registered. GREEN AND BLUE ARE NEAR ZERO ON PURPOSE AND MUST STAY THAT WAY. The trace is drawn on an unlit emissive material at glow values well above 1, so every channel with any weight in it clips to ..."
"Parry","Parry","ParryGlowScale","Parry Glow Scale","2.6","x (multiplier)","float","UTraceSettings - Project Settings > Game > Trace Gameplay; [/Script/Trace.TraceSettings] in Config/DefaultGame.ini","Emissive multiplier on the red trace while parrying, on M_TraceNeon. Above the pass window's 1.90 on purpose: the two states must not be confusable at a glance, and the parry is the shorter and more decisive of the two. Red at 2.6 is a step-change in brightness as well as in hue, so the tell survives being seen edge-on, at range, or in the corner of the eye - which is the only way an enemy already committed to a ... [allowed range: 0.0 to 8.0]"
"Core (Mode B)","Core|Pass","PassHoldSeconds","Pass Hold (s)","0.5","s","float","UTraceSettings - Project Settings > Game > Trace Gameplay; [/Script/Trace.TraceSettings] in Config/DefaultGame.ini","Seconds the carrier must hold the pass input with the crosshair on a legal receiver before the Core transfers. Spec §4. This is the risk beat: the carrier's shield drops the instant the input goes down and the trace goes invulnerable, and both are restored if the pass is cancelled. Longer means a bigger window for a punisher to convert; shorter means passing is close to free. Keep BotPassHoldSeconds equal to it. [allowed range: 0.05 to 5.0]"
"Core (Mode B)","Core|Pass","PassCooldownSeconds","Pass Cooldown (s, on completion)","2","s","float","UTraceSettings - Project Settings > Game > Trace Gameplay; [/Script/Trace.TraceSettings] in Config/DefaultGame.ini","Seconds before another pass may be STARTED after one COMPLETES. A cancelled attempt spends PassCancelCooldownSeconds instead, which is much shorter - see below. Keep BotPassCooldownSeconds at or just above it. [allowed range: 0.0 to 20.0]"
"Core (Mode B)","Core|Pass","PassCancelCooldownSeconds","Pass Cooldown (s, on cancel)","0.25","s","float","UTraceSettings - Project Settings > Game > Trace Gameplay; [/Script/Trace.TraceSettings] in Config/DefaultGame.ini","Seconds before another pass may be started after one was CANCELLED. A large part of the reported bug, and the reason it is now a separate number. This used to be PassCooldownSeconds - two full seconds - for a pass the player never chose to abandon. The sequence they experience: hold the input on a teammate, watch the ring fill, watch it vanish because the receiver clipped a rail, and then get NOTHING for two more ... [allowed range: 0.0 to 20.0]"
"Core (Mode B)","Core|Pass","PassMaxRange","Max Pass Range (uu)","8000","uu","float","UTraceSettings - Project Settings > Game > Trace Gameplay; [/Script/Trace.TraceSettings] in Config/DefaultGame.ini","Longest pass the rules allow, in uu. The bots' own pass range works out at ~6600uu (BotPassRangeFieldFraction 0.55 of a 12000uu field HALF-LENGTH - that is half of 24000, not the width), so this comfortably contains every pass a bot attempts while still making a cross-map hail mary illegal. Keep it above the bots' figure or bots will start passes the rules then refuse. [allowed range: 100.0 to 40000.0]"
"Core (Mode B)","Core|Pass","PassAimConeDegrees","Aim Cone (deg)","9","deg","float","UTraceSettings - Project Settings > Game > Trace Gameplay; [/Script/Trace.TraceSettings] in Config/DefaultGame.ini","Half-angle of the pass acquisition cone, in degrees. ""Hover the crosshair over a teammate"", expressed as an angle. 6 -> 9 THIS PASS, and it was a prime suspect in the pass-inconsistency report. At 6 degrees a teammate 4000uu away had to be held inside a circle about 420uu across while both of you were running, which is a lot to ask on a field whose cover just got denser. There is a second, independent test ... [allowed range: 0.5 to 45.0]"
"Core (Mode B)","Core|Pass","PassAimSlack","Aim Slack (uu beyond capsule radius)","70","","float","UTraceSettings - Project Settings > Game > Trace Gameplay; [/Script/Trace.TraceSettings] in Config/DefaultGame.ini","Extra uu added to the receiver's capsule radius for the second, distance-based acquisition test: the aim ray counts as on-target if it passes within (CapsuleRadius + this) of the receiver's capsule axis. Either test acquiring is enough. The angular cone is what makes a distant teammate reachable; this is what stops a near one feeling sloppy - at point-blank range a 9 degree cone is narrower than the teammate's own ... [allowed range: 0.0 to 500.0]"
"Core (Mode B)","Core|Pass","PassValidationGraceSeconds","Validation Grace (s)","0.15","s","float","UTraceSettings - Project Settings > Game > Trace Gameplay; [/Script/Trace.TraceSettings] in Config/DefaultGame.ini","Seconds an IN-FLIGHT pass survives a receiver who has momentarily stopped being legal. THE FIX FOR THE REPORTED PASS REGRESSION. A pass was measured dying 24 ms before it would have completed because the receiver crossed behind a lane rail for a handful of frames. Line of sight, ""under the crosshair"" and range are all instantaneous tests sampled once per frame against a field whose cover just got much denser, so a ... [allowed range: 0.0 to 2.0]"
"Core (Mode B)","Core|Pass","PassAcquireStickySeconds","Acquire Sticky (s)","0.2","s","float","UTraceSettings - Project Settings > Game > Trace Gameplay; [/Script/Trace.TraceSettings] in Config/DefaultGame.ini","Seconds ACQUISITION keeps returning the last receiver found after they stop passing the aim/LOS tests. The acquisition-side twin of the grace above. THIS IS THE HALF OF THE REPORT THAT IS A DISPLAY PROBLEM. The HUD polls for a legal receiver about twenty times a second to decide whether to show the pass highlight at all, so a target flickering in and out of legality makes the pass OPTION itself flicker - ""sometimes ... [allowed range: 0.0 to 2.0]"
"Core (Mode B)","Core|Pass","bPassMultiPointLos","Multi-Point Line Of Sight","true","on/off","bool","UTraceSettings - Project Settings > Game > Trace Gameplay; [/Script/Trace.TraceSettings] in Config/DefaultGame.ini","True: probe chest, head AND knees for line of sight and accept any clear one. False: chest only, which is the pre-fix behaviour. A single chest-height ray against the new 176 / 352 / 616 uu cover boxes is close to a coin flip - a receiver whose head and shoulders are plainly visible over a 1x block fails the test because the one point being probed is behind it. Any clear probe meaning ""line of sight"" is both more ..."
"Core (Mode B)","Core|Pass","PassTargetChestOffsetZ","Target Chest Offset Z (uu)","20","uu","float","UTraceSettings - Project Settings > Game > Trace Gameplay; [/Script/Trace.TraceSettings] in Config/DefaultGame.ini","Height above a candidate's actor origin that the aim point and the first LOS probe both target, uu. Chest, not feet. Both must use the same offset or the pass can be aimed at a point the LOS test is not checking, which produces exactly the ""it says I can pass and then nothing happens"" class of bug. [allowed range: -100.0 to 200.0]"
"Core (Mode B)","Core","CoreTurnoverGraceSeconds","Turnover Trace Grace (s)","0.75","s","float","UTraceSettings - Project Settings > Game > Trace Gameplay; [/Script/Trace.TraceSettings] in Config/DefaultGame.ini","Seconds after the Core changes TEAM before the new carrier's trace starts forming. 1.0 -> 0.4 (spec v3 §1) -> 0.5 (spec v4 §5, which asks for exactly 0.4 x 1.25) -> 0.75 THIS PASS (spec v10 §3). The grace exists so a turnover does not instantly wrap the new carrier in lethal trace laid on top of the scrum they just won it in; at a full second it also meant the counter-attack got a free run with no trace behind it at ... [allowed range: 0.0 to 5.0]"
"Core (Mode B)","Core|Mode B","CoreThrowSpeed","Throw Speed (uu/s, before weight) [mode B]","3300","uu/s","float","UTraceSettings - Project Settings > Game > Trace Gameplay; [/Script/Trace.TraceSettings] in Config/DefaultGame.ini","Launch speed, uu/s, of a Core thrown with LMB in mode B. Verbatim: ""The carrier should be able to throw the core forward by left clicking."" Fast enough to be a pass across a lane, slow enough that the ""first player to contact the core picks it up"" rule has something to work with - a Core that crosses the field in half a second cannot be intercepted by anyone, which deletes the whole point of mode B. 3000 covers ... [allowed range: 100.0 to 20000.0]"
"Core (Mode B)","Core|Mode B","CoreThrowUpBias","Throw Upward Bias (fraction of speed) [mode B]","0.12","x (multiplier)","float","UTraceSettings - Project Settings > Game > Trace Gameplay; [/Script/Trace.TraceSettings] in Config/DefaultGame.ini","Fraction of the throw speed added as upward velocity, so a throw arcs instead of running flat along the floor and catching on the first piece of cover. Small: at 0.12 a 3000 uu/s throw leaves with 360 uu/s of lift, which is a shallow arc a player can lead. Raising it makes throws lobbed and easy to read; zero makes them hitscan-flat - and since spec v6 §4.3 raised the hoop off the floor, a flat throw cannot reach ... [allowed range: 0.0 to 1.0]"
"Core (Mode B)","Core|Mode B","CoreThrowVelocityInheritance","Throw Velocity Inheritance (fraction) [mode B]","1","fraction","float","UTraceSettings - Project Settings > Game > Trace Gameplay; [/Script/Trace.TraceSettings] in Config/DefaultGame.ini","How much of the THROWER'S OWN velocity the Core keeps when it leaves their hands, as a fraction. Spec v8 §4, and the whole of it. Verbatim: ""When jumping and throwing the core, the core doesn't seem to keep momentum. Make sure that the core has the momentum from the throw and also carries momentum from the player."" Before v8 the launch was impulse and nothing else, so a throw taken at a dead sprint and a throw taken ... [allowed range: 0.0 to 2.0]"
"Core (Mode B)","Core|Mode B","CoreThrowChargeSeconds","Throw Charge Time (s) [v13 §6]","0.6","s","float","UTraceSettings - Project Settings > Game > Trace Gameplay; [/Script/Trace.TraceSettings] in Config/DefaultGame.ini","Seconds of holding the throw button to reach FULL momentum, i.e. the throw the game has today. 0.6 as of v17 (""Reduce max charge time from .8 to .6 seconds, but keep max velocity the same""); v16 had already taken it 1.0 -> 0.8. The original 1.0 was the user's own starting number; the linear scale is unchanged, only the time to reach full. This is the anchor the other three are defined against: at exactly this hold, ... [allowed range: 0.05 to 10.0]"
"Core (Mode B)","Core|Mode B","CoreThrowChargeFloorFraction","Throw Charge Floor (fraction of full) [v13 §6]","0.15","0-1","float","UTraceSettings - Project Settings > Game > Trace Gameplay; [/Script/Trace.TraceSettings] in Config/DefaultGame.ini","Momentum an INSTANT CLICK throws with, as a fraction of full. [ASSUMPTION] 0.15. The user asked for ""very low momentum"" on a click and did not give a number. 0.15 is very low - 3000 x 0.15 = 450 uu/s, a lob of a few metres - while staying visibly a THROW. IT IS NOT ZERO, AND THAT IS THE WHOLE REASON THIS KNOB EXISTS. A zero-momentum throw drops the Core at the thrower's feet, inside their own pickup radius, and ... [allowed range: 0.0 to 1.0]"
"Core (Mode B)","Core|Mode B","bCoreThrowChargeClampsAtFull","Throw Charge Clamps At Full [v13 §6]","true","on/off","bool","UTraceSettings - Project Settings > Game > Trace Gameplay; [/Script/Trace.TraceSettings] in Config/DefaultGame.ini","Does holding PAST the charge time add anything? [ASSUMPTION] true - it clamps at full. The user said one second reaches ""the current core throw momentum"" and said nothing about beyond, so the safe reading is that a second is the maximum and the current throw is still the strongest throw in the game. Clamping also keeps the charge bar honest: a bar that fills and then keeps mattering is a bar that lies. Set false to ..."
"Core (Mode B)","Core|Mode B","CoreThrowChargeMaxFraction","Throw Charge Max (x full, clamp off) [v13 §6]","1","x full","float","UTraceSettings - Project Settings > Game > Trace Gameplay; [/Script/Trace.TraceSettings] in Config/DefaultGame.ini","The ceiling on t when the clamp above is OFF, as a multiple of a full charge. IGNORED while bCoreThrowChargeClampsAtFull is true. 1.0 - the default - makes the two settings agree, so flipping the clamp off changes nothing until this is also raised. That is deliberate: an overcharge that appears the moment somebody unticks a box is an overcharge nobody chose. At 1.5 a 1.5 s hold throws at 1.5x CoreThrowSpeed, and the ... [allowed range: 1.0 to 4.0]"
"Core (Mode B)","Core|Mode B","CoreThrowFullChargeAutoReleaseSeconds","Full-Charge Auto-Release Window (s, 0 = off) [v28 §7]","0.6","s","float","UTraceSettings - Project Settings > Game > Trace Gameplay; [/Script/Trace.TraceSettings] in Config/DefaultGame.ini","*** SPEC v28 §7 - HOW LONG A FULL CHARGE MAY BE SAT ON BEFORE THE SERVER THROWS IT. *** Verbatim: ""A player can hold a core at full throw charge indefinitely. Make a second little red ring which fills on the inside of the green one on a .6seconds timer. This timer should start right when throw charge reaches full. When the second timer completes, the core is released at full charge automatically, if a player doesn't ... [allowed range: 0.0 to 10.0]"
"Core (Mode B)","Core|Mode B","CoreThrowGravityScale","Throw Gravity Scale (before weight) [mode B]","0.55","x (multiplier)","float","UTraceSettings - Project Settings > Game > Trace Gameplay; [/Script/Trace.TraceSettings] in Config/DefaultGame.ini","World gravity multiplier applied to a Core in flight and rolling loose, BEFORE weight. Below 1 because the field is 33600 uu long: at full gravity a throw that a player can aim ploughs into the floor inside a couple of thousand uu, which turns every throw into a short dribble and makes interception trivial. 0.55 lets a throw cross useful ground while still arcing enough to be read and cut off. UNCHANGED THIS PASS, ... [allowed range: 0.0 to 4.0]"
"Core (Mode B)","Core|Mode B","CoreMassScale","Core Weight (mass scale, 1 = pre-v5) [mode B]","1.8","x (multiplier)","float","UTraceSettings - Project Settings > Game > Trace Gameplay; [/Script/Trace.TraceSettings] in Config/DefaultGame.ini","MODE B ONLY. HOW HEAVY THE CORE IS IN FLIGHT, relative to the light Core that shipped before spec v5. 1.0 is exactly the old flight. THIS IS THE ""WEIGHT"" KNOB (spec v5 §4). Verbatim: ""For game mode b ONLY, increase the weight of the core"". WHY A SCALE AND NOT A MASS IN KILOGRAMS. The Core has no rigid body and no projectile movement component - ATraceCore integrates it by hand - so there is no engine mass field for ... [allowed range: 0.25 to 6.0]"
"Core (Mode B)","Core|Mode B","CoreThrowerPickupLockoutSeconds","Thrower Re-Pickup Lockout (s) [mode B]","0.35","s","float","UTraceSettings - Project Settings > Game > Trace Gameplay; [/Script/Trace.TraceSettings] in Config/DefaultGame.ini","Seconds the THROWER alone may not re-take their own throw. Everybody else may take it on the first frame - ""the first player to contact the core should pick it up"" is unconditional for all nine other players. Without this a throw is a no-op: the Core leaves from inside the thrower's own pickup radius, so the thrower's proximity poll re-takes it on the very next tick and the throw looks like it never happened. [allowed range: 0.0 to 5.0]"
"Core (Mode B)","Core|Mode B","CoreThrowCooldownSeconds","Throw Cooldown After Pickup (s) [mode B]","0.35","s","float","UTraceSettings - Project Settings > Game > Trace Gameplay; [/Script/Trace.TraceSettings] in Config/DefaultGame.ini","Seconds after TAKING the Core before it may be thrown again. Stops a pickup and a throw landing on the same frame, which reads as the Core bouncing off a player rather than being caught, and lets an interception be seen before it is undone. [allowed range: 0.0 to 10.0]"
"Core (Mode B)","Core|Mode B","CoreThrowBounce","Loose Core Bounce [mode B]","0.35","0-1","float","UTraceSettings - Project Settings > Game > Trace Gameplay; [/Script/Trace.TraceSettings] in Config/DefaultGame.ini","Restitution of a loose Core against world geometry: 0 = dead stop on contact, 1 = perfect bounce. Low by default so a missed throw settles somewhere a player can contest rather than pinballing off the banks into a corner. [allowed range: 0.0 to 1.0]"
"Core (Mode B)","Core|Mode B","CorePickupRadius","Pickup Radius (uu) [mode B]","120","uu","float","UTraceSettings - Project Settings > Game > Trace Gameplay; [/Script/Trace.TraceSettings] in Config/DefaultGame.ini","Radius, uu, inside which a player takes possession of a loose Core. ""The first player to contact the core should pick it up"" - enemy or teammate, whoever gets there first. Comfortably wider than the character capsule (34 uu) because this is a contact test against a moving object sampled once a frame: at 3000 uu/s a Core travels 50 uu between frames at 60Hz, so a radius near the capsule's would let a thrown Core ... [allowed range: 10.0 to 1000.0]"
"Core (Mode B)","Core|Mode B","CoreLooseResetSeconds","Loose Core Reset (s, 0 = never) [mode B]","12","s","float","UTraceSettings - Project Settings > Game > Trace Gameplay; [/Script/Trace.TraceSettings] in Config/DefaultGame.ini","Seconds a Core may lie untouched on the ground before it resets to a neutral position. 0 disables the reset and lets it lie there forever. [ASSUMPTION] from spec v4 §7: ""a thrown Core that lands untouched stays live on the ground and is picked up by first contact; add a reset timer so it cannot be lost forever."" The failure it exists to prevent is a Core thrown out of bounds, into a gap in the arena geometry, or ... [allowed range: 0.0 to 120.0]"
"Core (Mode B)","Core|Mode B","CoreCatchRadius","Catch Zone Radius (uu) [mode B]","450","uu","float","UTraceSettings - Project Settings > Game > Trace Gameplay; [/Script/Trace.TraceSettings] in Config/DefaultGame.ini","Radius, uu, of the invisible catch zone around EVERY player. A loose Core entering it is steered toward that player. 0 disables the magnet. Steers DIRECTION ONLY - speed is preserved, so this makes a near-miss into a catch without making the Core faster or slower than the throw that produced it. Sized well above CorePickupRadius (120): the pickup radius is where possession changes, this is the funnel that feeds it. ... [allowed range: 0.0 to 3000.0]"
"Core (Mode B)","Core|Mode B","CoreCatchCurveStrength","Catch Zone Curve Strength [mode B]","6","x (multiplier)","float","UTraceSettings - Project Settings > Game > Trace Gameplay; [/Script/Trace.TraceSettings] in Config/DefaultGame.ini","How hard the catch zone bends the Core, as an exponential approach rate (frame-rate independent). 0 disables the magnet outright; the pull already falls off to zero at the edge of the zone, so this scales the curve at point-blank range rather than at the boundary. Too high and a throw at open ground snaps sideways into whoever is nearest, which reads as aim assist rather than a catch. Sane range 3 to 10. [allowed range: 0.0 to 30.0]"
"Core (Mode B)","Core|Mode B","CoreCatchThrowerLockoutSeconds","Catch Zone Thrower Lockout (s) [mode B]","0.5","s","float","UTraceSettings - Project Settings > Game > Trace Gameplay; [/Script/Trace.TraceSettings] in Config/DefaultGame.ini","Seconds the THROWER alone is excluded from their own catch zone. Without it a throw curves straight back into the hands it left and the throw looks like it never happened - the same failure CoreThrowerPickupLockoutSeconds exists to prevent, one step earlier in the chain. Every other player, friend or enemy, is magnetised from the first frame: interception is a feature (spec v6 §4.1 [ASSUMPTION]). [allowed range: 0.0 to 5.0]"
"Core (Mode B)","Core|Mode B","CoreCatchContestHysteresisUU","Catch Contest Hysteresis (uu) [v13 §5]","50","uu","float","UTraceSettings - Project Settings > Game > Trace Gameplay; [/Script/Trace.TraceSettings] in Config/DefaultGame.ini","SPEC v13 §5 - A CONTESTED MAGNET RESOLVES TO THE NEAREST PLAYER, and this is the number that stops it flickering. Verbatim: ""If the core is within the 'magnet' zone of two or more players from opposite teams, it should go to the player closest to the core."" THE RULE ITSELF NEEDS NO KNOB - nearest wins, full stop, and it is applied to ANY contested set rather than only to opposing teams (spec §5 [ASSUMPTION]: the ... [allowed range: 0.0 to 500.0]"
"Core (Mode B)","Core|Mode B","CoreSurfaceMaxSlopeDegrees","Surface Max Slope (deg) [mode B]","45","deg","float","UTraceSettings - Project Settings > Game > Trace Gameplay; [/Script/Trace.TraceSettings] in Config/DefaultGame.ini","SPEC v7 §4. The angle from straight up, in degrees, at which a surface stops being something the Core can come to rest ON and starts being a wall it must bounce OFF. Verbatim: ""Sometimes the core gets stuck up top of an object in gamemode b. This should also count as a turnover. Walls should not, the core should bounce off those."" The arena is generic static meshes, so ""is this a wall?"" has to come from geometry, ... [allowed range: 0.0 to 89.0]"
"Core (Mode B)","Core|Mode B","CoreLandingMinDescentDegrees","Landing Min Descent (deg) [v13 §8]","20","deg","float","UTraceSettings - Project Settings > Game > Trace Gameplay; [/Script/Trace.TraceSettings] in Config/DefaultGame.ini","SPEC v13 §8 - HOW STEEPLY THE CORE MUST ARRIVE FOR A CONTACT TO COUNT AS A LANDING. Verbatim: ""Sometimes the core is thrown and it turns over before it touches the ground."" THE DIAGNOSED CAUSE was that the contact test read, in full, `Normal.Z >= SurfaceUpNormalZ()`: ANY upward-facing normal was a landing. Every structure in this arena has a flat top and the corner coves are terraced into flat treads, so a Core ... [allowed range: 0.0 to 89.0]"
"Core (Mode B)","Core|Mode B","CoreTurnoverLockoutSeconds","Turnover Lockout (s) [v25 §2]","5","s","float","UTraceSettings - Project Settings > Game > Trace Gameplay; [/Script/Trace.TraceSettings] in Config/DefaultGame.ini","SPEC v25 §2. Seconds the team that DROPPED the Core is locked out of picking it up. For this window, and only this window: the OPPOSING team alone may pull the Core or run over it, and the beam wears their colour at CoreTurnoverBeamScale. When it expires the pull ability goes away and either team may take it by touch - which is exactly what a Core that was never turned over already does, so the window is cleared ... [allowed range: 0.0 to 60.0]"
"Core (Mode B)","Core|Mode B","CorePullHoldSeconds","Pull Hold (s) [v25 §2]","0.3","s","float","UTraceSettings - Project Settings > Game > Trace Gameplay; [/Script/Trace.TraceSettings] in Config/DefaultGame.ini","SPEC v25 §2. Seconds of CONTINUOUS right mouse + hover + line of sight that complete a pull. CONTINUOUS is the whole of it: losing the hover, losing line of sight or releasing the button CANCELS the fill outright and the next attempt starts from zero. It does not pause, and there is no credit carried across a blink - a pull that could be accumulated in fragments would let a player pull the Core through a wall by ... [allowed range: 0.0 to 10.0]"
"Core (Mode B)","Core|Mode B","CorePullAimConeDegrees","Pull Aim Cone (deg) [v25 §2]","4","deg","float","UTraceSettings - Project Settings > Game > Trace Gameplay; [/Script/Trace.TraceSettings] in Config/DefaultGame.ini","SPEC v25 §2. Half-angle of the cone that counts as ""hovering the mouse over the core"" at range. The pull's hover test is the same shape as the pass's (PassAimConeDegrees / PassAimSlack) and for the same reason: EITHER the aim is inside this cone OR the aim ray passes within CorePullAimSlackUU of the orb. A pure ray test is unusable at range - the drawn orb is 20 uu across and subtends 0.14 degrees at 8000 uu - and a ... [allowed range: 0.0 to 45.0]"
"Core (Mode B)","Core|Mode B","CorePullAimSlackUU","Pull Aim Slack (uu) [v25 §2]","60","uu","float","UTraceSettings - Project Settings > Game > Trace Gameplay; [/Script/Trace.TraceSettings] in Config/DefaultGame.ini","SPEC v25 §2. How far, in uu, the aim ray may miss the ORB'S SURFACE and still count as a hover. Added to the DRAWN orb radius (20 uu), not to the larger sphere the loose Core sweeps with: the player is aiming at a ball they can see, so the forgiveness is measured off that ball. Trace.ModeB.PullAimSlackUU overrides it live. [allowed range: 0.0 to 400.0]"
"Core (Mode B)","Core|Mode B","CorePullMaxRangeUU","Pull Max Range (uu, 0 = none) [v25 §2]","0","uu","float","UTraceSettings - Project Settings > Game > Trace Gameplay; [/Script/Trace.TraceSettings] in Config/DefaultGame.ini","SPEC v25 §2. Optional ceiling on how far away a pull may be STARTED, uu. 0 = no limit. 0 IS THE SHIPPED VALUE, and that is a decision rather than an oversight: the note states no range, and inventing one would be adding a rule. It is not needed to keep the mechanic sane either - a pull already requires the crosshair on a 20 uu ball WITH clear line of sight, which across a 33600 uu pitch is its own range limit. The ... [allowed range: 0.0 to 60000.0]"
"Core (Mode B)","Core|Mode B","CoreTurnoverBeamScale","Turnover Beam Scale (x normal) [v25 §2]","2.2","x normal","float","UTraceSettings - Project Settings > Game > Trace Gameplay; [/Script/Trace.TraceSettings] in Config/DefaultGame.ini","SPEC v25 §2/§3. How much LARGER the Core's beam is during the turnover window. *** A MULTIPLIER OF THE NORMAL BEAM WIDTH, NEVER A WIDTH. *** This is Demo 21's standing rule applied literally: the note asks for a beam that is ""larger"", which is a statement ABOUT the normal beam, so it has to move when the normal beam moves. A stored width would be ""larger"" today and quietly wrong the first time the base beam was ... [allowed range: 0.1 to 10.0]"
"Match rules","Match","PlayersPerTeam","Players Per Team","5","count","int32","UTraceSettings - Project Settings > Game > Trace Gameplay; [/Script/Trace.TraceSettings] in Config/DefaultGame.ini","Target roster size per team; used to balance teams on login. 5 is the designed game. [allowed range: 1 to 16]"
"Match rules","Match","MinPlayersToStart","Min Players To Start","2","count","int32","UTraceSettings - Project Settings > Game > Trace Gameplay; [/Script/Trace.TraceSettings] in Config/DefaultGame.ini","Connected players required before the match leaves WaitingForPlayers. [allowed range: 1 to 32]"
"Match rules","Match","RespawnDelay","Respawn Delay (s, HUD fallback)","2","s","float","UTraceSettings - Project Settings > Game > Trace Gameplay; [/Script/Trace.TraceSettings] in Config/DefaultGame.ini","Seconds between death and respawn. 3 -> 2 THIS PASS (spec v4 §5). NOT AUTHORITATIVE. ATraceGameMode::RespawnDelay is what actually schedules the respawn; this is the client-side fallback the death panel counts down from during the frame or two before ATracePlayerState::RespawnEndServerTime (the real, replicated deadline) has arrived. Keep the two equal or the panel briefly disagrees with the game. BOTH COPIES MOVED. ... [allowed range: 0.0 to 30.0]"
"Match rules","Match","WarmupDuration","Warmup Duration (s)","5","s","float","UTraceSettings - Project Settings > Game > Trace Gameplay; [/Script/Trace.TraceSettings] in Config/DefaultGame.ini","Countdown after MinPlayersToStart is met, before the match goes InProgress. [allowed range: 0.0 to 120.0]"
"Match rules","Match","MercyRuleLead","Mercy Rule Lead (points, 0 = off)","8","points","int32","UTraceSettings - Project Settings > Game > Trace Gameplay; [/Script/Trace.TraceSettings] in Config/DefaultGame.ini","MERCY RULE (spec v4 §6, new). The moment one team's lead reaches this many points the match ends immediately and that team wins. ZERO DISABLES IT. Verbatim: ""Keep the match timer as the win condition, but add a mercy rule, where the game will end if one team leads by 8 points (granting an immediate win to the team leading)."" It is a LEAD, not a score: 9-1 ends the match, 12-6 does not. [ASSUMPTION] it is checked ... [allowed range: 0 to 50]"
"Match rules","Match","bDeferPeriodEndToPlayBreak","Defer Half/Full Time To The Next Dead Ball","true","on/off","bool","UTraceSettings - Project Settings > Game > Trace Gameplay; [/Script/Trace.TraceSettings] in Config/DefaultGame.ini","ON: the clock expiring ARMS the whistle instead of blowing it. Play continues, the HUD shows the clock at 0:00 with ""HALF/MATCH ENDS AT NEXT DEAD BALL"", and the period actually ends at the next goal, between-team turnover, or (mode B) Core coming down. OFF restores the pre-v9 behaviour exactly: the period ends on the tick the clock does, in the middle of whatever was happening. Kept as a switch because ""the half ..."
"Match rules","Match","PeriodEndMaxDeferSeconds","Max Defer Before Forcing Half/Full Time (s, 0 = no cap)","60","s","float","UTraceSettings - Project Settings > Game > Trace Gameplay; [/Script/Trace.TraceSettings] in Config/DefaultGame.ini","THE GUARD RAIL. Seconds a deferred whistle will wait for a dead ball before ending the period regardless. Zero disables the cap entirely - DO NOT SHIP IT AT ZERO. Without this, two teams that neither score nor turn the Core over play past full time forever; a stalemate is exactly the situation in which nobody is willing to be the one to concede possession, so it is not a hypothetical. 60 s is one long possession's ... [allowed range: 0.0 to 600.0]"
"Match rules","Match|Scoring Mode","ScoringMode","Scoring Mode (A/B test) [v14 §2: B IS THE DEFAULT]","ThrownCoreAndGoals","","ETraceScoringMode","UTraceSettings - Project Settings > Game > Trace Gameplay; [/Script/Trace.TraceSettings] in Config/DefaultGame.ini","Which ruleset the next match plays. *** SPEC v14 §2: MODE B IS NOW THE DEFAULT. *** Verbatim: ""Change game mode b to the default game mode."" This property is THE fresh-install default and it is the only thing that had to change to make that true everywhere: settings default this line, mirrored in Config/DefaultGame.ini (and the ini wins). menu default ATraceMenuHUD::BeginPlay READS the mode from here rather than ..."
"Match rules","Match|Scoring Mode","GoalWidthFieldFraction","Goal Width (fraction of field width) [mode B]","0.2083","0-1","float","UTraceSettings - Project Settings > Game > Trace Gameplay; [/Script/Trace.TraceSettings] in Config/DefaultGame.ini","MODE B ONLY. Width of each goal as a fraction of the FULL field width. Verbatim (v4): ""The goal should not be the entire width of the map, like the endzone."" Verbatim (v5 §4): ""For game mode b ONLY ... decrease the size of the goal (reduce height and width)."" 0.3333 -> 0.2083 THIS PASS: a 3200 uu goal mouth on the 9600 uu wide field becomes 2000 uu ([ASSUMPTION], spec v5 §4). Still wide enough to throw at from an ... [allowed range: 0.05 to 1.0]"
"Match rules","Match|Scoring Mode","GoalHeightUU","Goal Approach Ramp Height (uu) [mode B]","440","uu","float","UTraceSettings - Project Settings > Game > Trace Gameplay; [/Script/Trace.TraceSettings] in Config/DefaultGame.ini","MODE B ONLY. Height of the goal volume, uu, measured from the floor. REPOINTED BY SPEC v6 §4.3 - READ THIS BEFORE TUNING IT. Until v6 this was the height of a free-standing goal between the goal line and the end wall. There is no such goal any more: the goal is a CIRCLE set into the back wall, its diameter given by GoalWidthFieldFraction and its height off the floor by the arena builder's GoalRingRaisePlayerHeights. ... [allowed range: 50.0 to 5000.0]"
"Characters - cards and enforced cooldowns","Characters|ROCCO","ROCCO.ActivatedAbilityName","","RIPPLE","","text","roster card (assets (/Game/Trace/Data/Characters)) -- NOT a knob","The name the select card and the HUD print for the E ability."
"Characters - cards and enforced cooldowns","Characters|ROCCO","ROCCO.ActivatedCooldown_PRINTED","","20","s","float","roster card (assets (/Game/Trace/Data/Characters)) -- NOT a knob","DISPLAY ONLY. What the select screen prints and what the HUD cooldown ring uses as its denominator. It enforces nothing."
"Characters - cards and enforced cooldowns","Characters|ROCCO","ROCCO.ActivatedCooldown_ENFORCED","","20","s","float","TraceAbilitySetRocco::GetActivatedCooldownSeconds() on the CDO -- NOT a knob, it READS one","What the ability framework actually charges when E is pressed. This is the number that matters in a match; the printed one above is only what the card says."
"Characters - cards and enforced cooldowns","Characters|ROCCO","ROCCO.CooldownCardMatchesEnforced","","yes","","bool","comparison of the two rows above","Trace.VerifyCharacterData fails the build's own check when these disagree. It is in the sheet so a designer sees the disagreement without running a command."
"Characters - cards and enforced cooldowns","Characters|ROCCO","ROCCO.AbilitySetClass","","TraceAbilitySetRocco","","text","UTraceCharacterAbilitySet::FindClassFor (reflection)","The C++ class that implements this character. Its tuning lives in the Abilities section for this character."
"Characters - cards and enforced cooldowns","Characters|ROCCO","ROCCO.MovementAbility","","A VERY SMALL SECOND JUMP. THE POINT IS THE INSTANT MIDAIR DIRECTION CHANGE, NOT THE HEIGHT.","","text","roster card (assets (/Game/Trace/Data/Characters)) -- NOT a knob","Card text for the movement slot. No cooldown."
"Characters - cards and enforced cooldowns","Characters|ROCCO","ROCCO.PassiveAbility","","HEADSHOT KILLS GIVE +3% SPEED FOR 3S. STACKS, AND EACH KILL EXTENDS THE WHOLE BOOST.","","text","roster card (assets (/Game/Trace/Data/Characters)) -- NOT a knob","Card text for the passive slot. Always on, no cooldown."
"Characters - cards and enforced cooldowns","Characters|ROCCO","ROCCO.ActivatedAbility","","DASH ON ITS OWN COOLDOWN, LEAVING A RIPPLE FOR 4S. ANYONE ON EITHER TEAM CAN RIDE IT, INCLUDING THE CORE CARRIER, AND YOU CAN SHOOT WHILE RIDING.","","text","roster card (assets (/Game/Trace/Data/Characters)) -- NOT a knob","Card text for the E ability."
"Characters - cards and enforced cooldowns","Characters|ROCCO","ROCCO.AccentColor","","(R=1.000,G=0.860,B=0.250,A=1.000)","RGBA 0-1","FLinearColor","roster card (assets (/Game/Trace/Data/Characters)) -- NOT a knob","Card accent and the colour of the HUD ability row. Deliberately not a team colour."
"Characters - cards and enforced cooldowns","Characters|CHUT","CHUT.ActivatedAbilityName","","CHUD","","text","roster card (assets (/Game/Trace/Data/Characters)) -- NOT a knob","The name the select card and the HUD print for the E ability."
"Characters - cards and enforced cooldowns","Characters|CHUT","CHUT.ActivatedCooldown_PRINTED","","20","s","float","roster card (assets (/Game/Trace/Data/Characters)) -- NOT a knob","DISPLAY ONLY. What the select screen prints and what the HUD cooldown ring uses as its denominator. It enforces nothing."
"Characters - cards and enforced cooldowns","Characters|CHUT","CHUT.ActivatedCooldown_ENFORCED","","20","s","float","TraceAbilitySetChut::GetActivatedCooldownSeconds() on the CDO -- NOT a knob, it READS one","What the ability framework actually charges when E is pressed. This is the number that matters in a match; the printed one above is only what the card says."
"Characters - cards and enforced cooldowns","Characters|CHUT","CHUT.CooldownCardMatchesEnforced","","yes","","bool","comparison of the two rows above","Trace.VerifyCharacterData fails the build's own check when these disagree. It is in the sheet so a designer sees the disagreement without running a command."
"Characters - cards and enforced cooldowns","Characters|CHUT","CHUT.AbilitySetClass","","TraceAbilitySetChut","","text","UTraceCharacterAbilitySet::FindClassFor (reflection)","The C++ class that implements this character. Its tuning lives in the Abilities section for this character."
"Characters - cards and enforced cooldowns","Characters|CHUT","CHUT.MovementAbility","","BASH. HITTING A PLAYER WITH THE END OF A STANDARD DASH KNOCKS THEM ALONG YOUR TRAVEL. NO EFFECT ON THE CORE CARRIER.","","text","roster card (assets (/Game/Trace/Data/Characters)) -- NOT a knob","Card text for the movement slot. No cooldown."
"Characters - cards and enforced cooldowns","Characters|CHUT","CHUT.PassiveAbility","","KNIFE DEALS 50 FROM THE FRONT INSTEAD OF 30. THE 60 DEGREE BACK ZONE STAYS AT 100.","","text","roster card (assets (/Game/Trace/Data/Characters)) -- NOT a knob","Card text for the passive slot. Always on, no cooldown."
"Characters - cards and enforced cooldowns","Characters|CHUT","CHUT.ActivatedAbility","","TAKE 30% LESS DAMAGE FROM BODY SHOTS AND MELEES FOR 10S. A KNIFE KILL REFRESHES THE TIMER. DOES NOT STACK.","","text","roster card (assets (/Game/Trace/Data/Characters)) -- NOT a knob","Card text for the E ability."
"Characters - cards and enforced cooldowns","Characters|CHUT","CHUT.AccentColor","","(R=0.350,G=0.950,B=0.550,A=1.000)","RGBA 0-1","FLinearColor","roster card (assets (/Game/Trace/Data/Characters)) -- NOT a knob","Card accent and the colour of the HUD ability row. Deliberately not a team colour."
"Characters - cards and enforced cooldowns","Characters|MACE","MACE.ActivatedAbilityName","","SPIKE","","text","roster card (assets (/Game/Trace/Data/Characters)) -- NOT a knob","The name the select card and the HUD print for the E ability."
"Characters - cards and enforced cooldowns","Characters|MACE","MACE.ActivatedCooldown_PRINTED","","20","s","float","roster card (assets (/Game/Trace/Data/Characters)) -- NOT a knob","DISPLAY ONLY. What the select screen prints and what the HUD cooldown ring uses as its denominator. It enforces nothing."
"Characters - cards and enforced cooldowns","Characters|MACE","MACE.ActivatedCooldown_ENFORCED","","20","s","float","TraceAbilitySetMace::GetActivatedCooldownSeconds() on the CDO -- NOT a knob, it READS one","What the ability framework actually charges when E is pressed. This is the number that matters in a match; the printed one above is only what the card says."
"Characters - cards and enforced cooldowns","Characters|MACE","MACE.CooldownCardMatchesEnforced","","yes","","bool","comparison of the two rows above","Trace.VerifyCharacterData fails the build's own check when these disagree. It is in the sheet so a designer sees the disagreement without running a command."
"Characters - cards and enforced cooldowns","Characters|MACE","MACE.AbilitySetClass","","TraceAbilitySetMace","","text","UTraceCharacterAbilitySet::FindClassFor (reflection)","The C++ class that implements this character. Its tuning lives in the Abilities section for this character."
"Characters - cards and enforced cooldowns","Characters|MACE","MACE.MovementAbility","","HOLD V IN THE AIR TO SUSPEND FOR UP TO 1.25S. NO GRAVITY, LATERAL MOVE CAPPED AT 550. RELEASING V CANCELS INSTANTLY.","","text","roster card (assets (/Game/Trace/Data/Characters)) -- NOT a knob","Card text for the movement slot. No cooldown."
"Characters - cards and enforced cooldowns","Characters|MACE","MACE.PassiveAbility","","+30% CORE MAGNET RADIUS. THE BASE IS 450, SO HERS IS 585.","","text","roster card (assets (/Game/Trace/Data/Characters)) -- NOT a knob","Card text for the passive slot. Always on, no cooldown."
"Characters - cards and enforced cooldowns","Characters|MACE","MACE.ActivatedAbility","","THROW A ROPED SPIKE. IT EMBEDS IN A WALL FOR 2S; PRESS AGAIN TO BE PULLED TO IT AT THE MOMENTUM CEILING. ANY MOVEMENT INPUT CANCELS. YOU CAN SHOOT AND BE SHOT WHILE PULLED.","","text","roster card (assets (/Game/Trace/Data/Characters)) -- NOT a knob","Card text for the E ability."
"Characters - cards and enforced cooldowns","Characters|MACE","MACE.AccentColor","","(R=0.650,G=0.550,B=1.000,A=1.000)","RGBA 0-1","FLinearColor","roster card (assets (/Game/Trace/Data/Characters)) -- NOT a knob","Card accent and the colour of the HUD ability row. Deliberately not a team colour."
"Characters - cards and enforced cooldowns","Characters|OYSTER","OYSTER.ActivatedAbilityName","","PICKLER","","text","roster card (assets (/Game/Trace/Data/Characters)) -- NOT a knob","The name the select card and the HUD print for the E ability."
"Characters - cards and enforced cooldowns","Characters|OYSTER","OYSTER.ActivatedCooldown_PRINTED","","20","s","float","roster card (assets (/Game/Trace/Data/Characters)) -- NOT a knob","DISPLAY ONLY. What the select screen prints and what the HUD cooldown ring uses as its denominator. It enforces nothing."
"Characters - cards and enforced cooldowns","Characters|OYSTER","OYSTER.ActivatedCooldown_ENFORCED","","20","s","float","TraceAbilitySetOyster::GetActivatedCooldownSeconds() on the CDO -- NOT a knob, it READS one","What the ability framework actually charges when E is pressed. This is the number that matters in a match; the printed one above is only what the card says."
"Characters - cards and enforced cooldowns","Characters|OYSTER","OYSTER.CooldownCardMatchesEnforced","","yes","","bool","comparison of the two rows above","Trace.VerifyCharacterData fails the build's own check when these disagree. It is in the sheet so a designer sees the disagreement without running a command."
"Characters - cards and enforced cooldowns","Characters|OYSTER","OYSTER.AbilitySetClass","","TraceAbilitySetOyster","","text","UTraceCharacterAbilitySet::FindClassFor (reflection)","The C++ class that implements this character. Its tuning lives in the Abilities section for this character."
"Characters - cards and enforced cooldowns","Characters|OYSTER","OYSTER.MovementAbility","","JUMPING WHILE STOOD ON ONE OF YOUR OWN JARS BREAKS IT AND BOOSTS YOU UPWARD.","","text","roster card (assets (/Game/Trace/Data/Characters)) -- NOT a knob","Card text for the movement slot. No cooldown."
"Characters - cards and enforced cooldowns","Characters|OYSTER","OYSTER.PassiveAbility","","EVERY DASH LEAVES A POISON JAR, EVEN CARRYING THE CORE. AN ENEMY WHO TOUCHES ONE BREAKS IT: 3 DAMAGE EVERY 0.5S FOR 4S AND -30% SPEED. JARS LAST 4S, MAX 3. POISONING AN ENEMY RESETS YOUR E, EVERY TIME.","","text","roster card (assets (/Game/Trace/Data/Characters)) -- NOT a knob","Card text for the passive slot. Always on, no cooldown."
"Characters - cards and enforced cooldowns","Characters|OYSTER","OYSTER.ActivatedAbility","","LOB A JAR. ON LANDING IT DEALS 30 IN AN AREA AND PULLS NEARBY ENEMIES IN, THEN EXPLODES INTO POISON THE MOMENT THE PULL ENDS. ANY POISON YOU LAND HANDS E STRAIGHT BACK, SO THE 20S IS A CEILING, NOT A WAIT.","","text","roster card (assets (/Game/Trace/Data/Characters)) -- NOT a knob","Card text for the E ability."
"Characters - cards and enforced cooldowns","Characters|OYSTER","OYSTER.AccentColor","","(R=0.300,G=0.850,B=0.950,A=1.000)","RGBA 0-1","FLinearColor","roster card (assets (/Game/Trace/Data/Characters)) -- NOT a knob","Card accent and the colour of the HUD ability row. Deliberately not a team colour."
"Characters - cards and enforced cooldowns","Characters|X","X.ActivatedAbilityName","","STING","","text","roster card (assets (/Game/Trace/Data/Characters)) -- NOT a knob","The name the select card and the HUD print for the E ability."
"Characters - cards and enforced cooldowns","Characters|X","X.ActivatedCooldown_PRINTED","","25","s","float","roster card (assets (/Game/Trace/Data/Characters)) -- NOT a knob","DISPLAY ONLY. What the select screen prints and what the HUD cooldown ring uses as its denominator. It enforces nothing."
"Characters - cards and enforced cooldowns","Characters|X","X.ActivatedCooldown_ENFORCED","","25","s","float","TraceAbilitySetX::GetActivatedCooldownSeconds() on the CDO -- NOT a knob, it READS one","What the ability framework actually charges when E is pressed. This is the number that matters in a match; the printed one above is only what the card says."
"Characters - cards and enforced cooldowns","Characters|X","X.CooldownCardMatchesEnforced","","yes","","bool","comparison of the two rows above","Trace.VerifyCharacterData fails the build's own check when these disagree. It is in the sheet so a designer sees the disagreement without running a command."
"Characters - cards and enforced cooldowns","Characters|X","X.AbilitySetClass","","TraceAbilitySetX","","text","UTraceCharacterAbilitySet::FindClassFor (reflection)","The C++ class that implements this character. Its tuning lives in the Abilities section for this character."
"Characters - cards and enforced cooldowns","Characters|X","X.MovementAbility","","+15% SPEED WHILE ANY ENEMY IS VULNERABLE.","","text","roster card (assets (/Game/Trace/Data/Characters)) -- NOT a knob","Card text for the movement slot. No cooldown."
"Characters - cards and enforced cooldowns","Characters|X","X.PassiveAbility","","FIVE MECHANICAL BEES ORBIT YOU. AN ENEMY THEY TOUCH IS VULNERABLE FOR 2S AND TAKES +35% DAMAGE FROM EVERYTHING, +5% MORE PER EXTRA HIT UP TO FIVE. A NEW HIT RESETS THE TIMER.","","text","roster card (assets (/Game/Trace/Data/Characters)) -- NOT a knob","Card text for the passive slot. Always on, no cooldown."
"Characters - cards and enforced cooldowns","Characters|X","X.ActivatedAbility","","LOAD THE 5 BEES INTO YOUR GUN. YOUR NEXT FIVE BULLETS APPLY VULNERABLE AT NORMAL DAMAGE. THE BEES RESUME ORBITING ONCE ALL FIVE ARE FIRED.","","text","roster card (assets (/Game/Trace/Data/Characters)) -- NOT a knob","Card text for the E ability."
"Characters - cards and enforced cooldowns","Characters|X","X.AccentColor","","(R=1.000,G=0.400,B=0.550,A=1.000)","RGBA 0-1","FLinearColor","roster card (assets (/Game/Trace/Data/Characters)) -- NOT a knob","Card accent and the colour of the HUD ability row. Deliberately not a team colour."
"Characters - cards and enforced cooldowns","Characters|ROXIE","ROXIE.ActivatedAbilityName","","MODDED","","text","roster card (assets (/Game/Trace/Data/Characters)) -- NOT a knob","The name the select card and the HUD print for the E ability."
"Characters - cards and enforced cooldowns","Characters|ROXIE","ROXIE.ActivatedCooldown_PRINTED","","25","s","float","roster card (assets (/Game/Trace/Data/Characters)) -- NOT a knob","DISPLAY ONLY. What the select screen prints and what the HUD cooldown ring uses as its denominator. It enforces nothing."
"Characters - cards and enforced cooldowns","Characters|ROXIE","ROXIE.ActivatedCooldown_ENFORCED","","25","s","float","TraceAbilitySetRoxie::GetActivatedCooldownSeconds() on the CDO -- NOT a knob, it READS one","What the ability framework actually charges when E is pressed. This is the number that matters in a match; the printed one above is only what the card says."
"Characters - cards and enforced cooldowns","Characters|ROXIE","ROXIE.CooldownCardMatchesEnforced","","yes","","bool","comparison of the two rows above","Trace.VerifyCharacterData fails the build's own check when these disagree. It is in the sheet so a designer sees the disagreement without running a command."
"Characters - cards and enforced cooldowns","Characters|ROXIE","ROXIE.AbilitySetClass","","TraceAbilitySetRoxie","","text","UTraceCharacterAbilitySet::FindClassFor (reflection)","The C++ class that implements this character. Its tuning lives in the Abilities section for this character."
"Characters - cards and enforced cooldowns","Characters|ROXIE","ROXIE.MovementAbility","","V FIRES A WOBBLING ROCKET THAT THROWS HER BACKWARDS, FAST AND FAR. IT IS HARD TO AIM AND DEALS 100 ANYWHERE IT HITS. 35S COOLDOWN.","","text","roster card (assets (/Game/Trace/Data/Characters)) -- NOT a knob","Card text for the movement slot. No cooldown."
"Characters - cards and enforced cooldowns","Characters|ROXIE","ROXIE.PassiveAbility","","JUMPS 15% HIGHER THAN EVERYONE ELSE.","","text","roster card (assets (/Game/Trace/Data/Characters)) -- NOT a knob","Card text for the passive slot. Always on, no cooldown."
"Characters - cards and enforced cooldowns","Characters|ROXIE","ROXIE.ActivatedAbility","","LOAD A MODDED CLIP: THE GUN GOES FULL AUTO AND FIRES 1.65X FASTER. ENDS AFTER ONE CLIP OR 5S, WHICHEVER COMES FIRST.","","text","roster card (assets (/Game/Trace/Data/Characters)) -- NOT a knob","Card text for the E ability."
"Characters - cards and enforced cooldowns","Characters|ROXIE","ROXIE.AccentColor","","(R=1.000,G=0.450,B=0.120,A=1.000)","RGBA 0-1","FLinearColor","roster card (assets (/Game/Trace/Data/Characters)) -- NOT a knob","Card accent and the colour of the HUD ability row. Deliberately not a team colour."
"Characters - cards and enforced cooldowns","Characters|ELLE","ELLE.ActivatedAbilityName","","SNAP","","text","roster card (assets (/Game/Trace/Data/Characters)) -- NOT a knob","The name the select card and the HUD print for the E ability."
"Characters - cards and enforced cooldowns","Characters|ELLE","ELLE.ActivatedCooldown_PRINTED","","35","s","float","roster card (assets (/Game/Trace/Data/Characters)) -- NOT a knob","DISPLAY ONLY. What the select screen prints and what the HUD cooldown ring uses as its denominator. It enforces nothing."
"Characters - cards and enforced cooldowns","Characters|ELLE","ELLE.ActivatedCooldown_ENFORCED","","35","s","float","TraceAbilitySetElle::GetActivatedCooldownSeconds() on the CDO -- NOT a knob, it READS one","What the ability framework actually charges when E is pressed. This is the number that matters in a match; the printed one above is only what the card says."
"Characters - cards and enforced cooldowns","Characters|ELLE","ELLE.CooldownCardMatchesEnforced","","yes","","bool","comparison of the two rows above","Trace.VerifyCharacterData fails the build's own check when these disagree. It is in the sheet so a designer sees the disagreement without running a command."
"Characters - cards and enforced cooldowns","Characters|ELLE","ELLE.AbilitySetClass","","TraceAbilitySetElle","","text","UTraceCharacterAbilitySet::FindClassFor (reflection)","The C++ class that implements this character. Its tuning lives in the Abilities section for this character."
"Characters - cards and enforced cooldowns","Characters|ELLE","ELLE.MovementAbility","","WELL-TIMED SLIDE JUMPS GIVE HER 40% MORE OF THE MOMENTUM BOOST THAN ANYONE ELSE.","","text","roster card (assets (/Game/Trace/Data/Characters)) -- NOT a knob","Card text for the movement slot. No cooldown."
"Characters - cards and enforced cooldowns","Characters|ELLE","ELLE.PassiveAbility","","PASSING OR THROWING THE CORE CLOAKS HER FOR 3S - SEMI-TRANSPARENT AND HARD TO SEE OR AIM AT.","","text","roster card (assets (/Game/Trace/Data/Characters)) -- NOT a knob","Card text for the passive slot. Always on, no cooldown."
"Characters - cards and enforced cooldowns","Characters|ELLE","ELLE.ActivatedAbility","","PLACE A GATE, THEN PRESS AGAIN WITHIN 4S TO PLACE ITS PAIR. PLAYERS ON EITHER TEAM CAN TELEPORT BETWEEN THEM. BOTH VANISH AFTER 8S.","","text","roster card (assets (/Game/Trace/Data/Characters)) -- NOT a knob","Card text for the E ability."
"Characters - cards and enforced cooldowns","Characters|ELLE","ELLE.AccentColor","","(R=0.850,G=0.420,B=1.000,A=1.000)","RGBA 0-1","FLinearColor","roster card (assets (/Game/Trace/Data/Characters)) -- NOT a knob","Card accent and the colour of the HUD ability row. Deliberately not a team colour."
"Characters - cards and enforced cooldowns","Characters|SLIMEBALL","SLIMEBALL.ActivatedAbilityName","","SLIMEWALL","","text","roster card (assets (/Game/Trace/Data/Characters)) -- NOT a knob","The name the select card and the HUD print for the E ability."
"Characters - cards and enforced cooldowns","Characters|SLIMEBALL","SLIMEBALL.ActivatedCooldown_PRINTED","","25","s","float","roster card (assets (/Game/Trace/Data/Characters)) -- NOT a knob","DISPLAY ONLY. What the select screen prints and what the HUD cooldown ring uses as its denominator. It enforces nothing."
"Characters - cards and enforced cooldowns","Characters|SLIMEBALL","SLIMEBALL.ActivatedCooldown_ENFORCED","","25","s","float","TraceAbilitySetSlimeball::GetActivatedCooldownSeconds() on the CDO -- NOT a knob, it READS one","What the ability framework actually charges when E is pressed. This is the number that matters in a match; the printed one above is only what the card says."
"Characters - cards and enforced cooldowns","Characters|SLIMEBALL","SLIMEBALL.CooldownCardMatchesEnforced","","yes","","bool","comparison of the two rows above","Trace.VerifyCharacterData fails the build's own check when these disagree. It is in the sheet so a designer sees the disagreement without running a command."
"Characters - cards and enforced cooldowns","Characters|SLIMEBALL","SLIMEBALL.AbilitySetClass","","TraceAbilitySetSlimeball","","text","UTraceCharacterAbilitySet::FindClassFor (reflection)","The C++ class that implements this character. Its tuning lives in the Abilities section for this character."
"Characters - cards and enforced cooldowns","Characters|SLIMEBALL","SLIMEBALL.MovementAbility","","HOLD V TO STICK TO A WALL.","","text","roster card (assets (/Game/Trace/Data/Characters)) -- NOT a knob","Card text for the movement slot. No cooldown."
"Characters - cards and enforced cooldowns","Characters|SLIMEBALL","SLIMEBALL.PassiveAbility","","WHILE STUCK: FIRES 30% FASTER AND TAKES 30% LESS FROM BODY SHOTS AND FRONT KNIFE STABS. HEADSHOTS AND BACKSTABS STILL HURT IN FULL.","","text","roster card (assets (/Game/Trace/Data/Characters)) -- NOT a knob","Card text for the passive slot. Always on, no cooldown."
"Characters - cards and enforced cooldowns","Characters|SLIMEBALL","SLIMEBALL.ActivatedAbility","","THROW UP A WALL WHERE YOU ARE AIMING, FOR 4S. BULLETS PASS STRAIGHT THROUGH IT BUT NOBODY CAN SEE THROUGH IT, AND ENEMIES WALKING THROUGH ARE SLOWED 35%.","","text","roster card (assets (/Game/Trace/Data/Characters)) -- NOT a knob","Card text for the E ability."
"Characters - cards and enforced cooldowns","Characters|SLIMEBALL","SLIMEBALL.AccentColor","","(R=0.660,G=0.920,B=0.160,A=1.000)","RGBA 0-1","FLinearColor","roster card (assets (/Game/Trace/Data/Characters)) -- NOT a knob","Card accent and the colour of the HUD ability row. Deliberately not a team colour."
"Characters - cards and enforced cooldowns","Characters|MORTIMER","MORTIMER.ActivatedAbilityName","","QUAKE","","text","roster card (assets (/Game/Trace/Data/Characters)) -- NOT a knob","The name the select card and the HUD print for the E ability."
"Characters - cards and enforced cooldowns","Characters|MORTIMER","MORTIMER.ActivatedCooldown_PRINTED","","20","s","float","roster card (assets (/Game/Trace/Data/Characters)) -- NOT a knob","DISPLAY ONLY. What the select screen prints and what the HUD cooldown ring uses as its denominator. It enforces nothing."
"Characters - cards and enforced cooldowns","Characters|MORTIMER","MORTIMER.ActivatedCooldown_ENFORCED","","20","s","float","TraceAbilitySetMortimer::GetActivatedCooldownSeconds() on the CDO -- NOT a knob, it READS one","What the ability framework actually charges when E is pressed. This is the number that matters in a match; the printed one above is only what the card says."
"Characters - cards and enforced cooldowns","Characters|MORTIMER","MORTIMER.CooldownCardMatchesEnforced","","yes","","bool","comparison of the two rows above","Trace.VerifyCharacterData fails the build's own check when these disagree. It is in the sheet so a designer sees the disagreement without running a command."
"Characters - cards and enforced cooldowns","Characters|MORTIMER","MORTIMER.AbilitySetClass","","TraceAbilitySetMortimer","","text","UTraceCharacterAbilitySet::FindClassFor (reflection)","The C++ class that implements this character. Its tuning lives in the Abilities section for this character."
"Characters - cards and enforced cooldowns","Characters|MORTIMER","MORTIMER.MovementAbility","","MANTLE. HE IS THE ONLY CHARACTER WHO CAN PULL HIMSELF UP ONTO A LEDGE OR THE TOP OF AN OBJECT, AND HIS REACH AND HEIGHT WINDOW ARE 30% MORE GENEROUS THAN THE OLD IN-GAME MANTLE.","","text","roster card (assets (/Game/Trace/Data/Characters)) -- NOT a knob","Card text for the movement slot. No cooldown."
"Characters - cards and enforced cooldowns","Characters|MORTIMER","MORTIMER.PassiveAbility","","HIS DASH COVERS ONLY TWO FIFTHS OF THE NORMAL DISTANCE AND RECHARGES A QUARTER SLOWER. IN EXCHANGE HE MAY CHARGE A CORE THROW FOR TWICE AS LONG AS ANYONE ELSE, THOUGH CHARGE BEYOND A NORMAL FULL ONE COUNTS FOR LESS - SO HE STILL THROWS IT FURTHER THAN ANYONE, JUST NOT DOUBLE.","","text","roster card (assets (/Game/Trace/Data/Characters)) -- NOT a knob","Card text for the passive slot. Always on, no cooldown."
"Characters - cards and enforced cooldowns","Characters|MORTIMER","MORTIMER.ActivatedAbility","","ONLY WHILE CARRYING THE CORE AND STOOD ON THE GROUND OR ON TOP OF AN OBJECT: A BLAST THAT KNOCKS EVERY NEARBY ENEMY AWAY FROM HIM. IT CANNOT MOVE A CORE CARRIER.","","text","roster card (assets (/Game/Trace/Data/Characters)) -- NOT a knob","Card text for the E ability."
"Characters - cards and enforced cooldowns","Characters|MORTIMER","MORTIMER.AccentColor","","(R=0.380,G=0.520,B=0.850,A=1.000)","RGBA 0-1","FLinearColor","roster card (assets (/Game/Trace/Data/Characters)) -- NOT a knob","Card accent and the colour of the HUD ability row. Deliberately not a team colour."
"Characters - cards and enforced cooldowns","Characters|LILY","LILY.ActivatedAbilityName","","ZIP","","text","roster card (assets (/Game/Trace/Data/Characters)) -- NOT a knob","The name the select card and the HUD print for the E ability."
"Characters - cards and enforced cooldowns","Characters|LILY","LILY.ActivatedCooldown_PRINTED","","30","s","float","roster card (assets (/Game/Trace/Data/Characters)) -- NOT a knob","DISPLAY ONLY. What the select screen prints and what the HUD cooldown ring uses as its denominator. It enforces nothing."
"Characters - cards and enforced cooldowns","Characters|LILY","LILY.ActivatedCooldown_ENFORCED","","30","s","float","TraceAbilitySetLily::GetActivatedCooldownSeconds() on the CDO -- NOT a knob, it READS one","What the ability framework actually charges when E is pressed. This is the number that matters in a match; the printed one above is only what the card says."
"Characters - cards and enforced cooldowns","Characters|LILY","LILY.CooldownCardMatchesEnforced","","yes","","bool","comparison of the two rows above","Trace.VerifyCharacterData fails the build's own check when these disagree. It is in the sheet so a designer sees the disagreement without running a command."
"Characters - cards and enforced cooldowns","Characters|LILY","LILY.AbilitySetClass","","TraceAbilitySetLily","","text","UTraceCharacterAbilitySet::FindClassFor (reflection)","The C++ class that implements this character. Its tuning lives in the Abilities section for this character."
"Characters - cards and enforced cooldowns","Characters|LILY","LILY.MovementAbility","","ONE EXTRA DASH CHARGE, BUT ONLY WHILE SHE IS NOT CARRYING THE CORE: TWO EITHER WAY.","","text","roster card (assets (/Game/Trace/Data/Characters)) -- NOT a knob","Card text for the movement slot. No cooldown."
"Characters - cards and enforced cooldowns","Characters|LILY","LILY.PassiveAbility","","WALL JUMPS CARRY 30% MORE MOMENTUM THAN ANYONE ELSE'S. SHE IS ALSO THE FRAILEST CHARACTER IN THE GAME AT 60 HEALTH INSTEAD OF 100.","","text","roster card (assets (/Game/Trace/Data/Characters)) -- NOT a knob","Card text for the passive slot. Always on, no cooldown."
"Characters - cards and enforced cooldowns","Characters|LILY","LILY.ActivatedAbility","","FLY FOR 5S. JUMP CLIMBS AND CROUCH DESCENDS, BOTH AT HALF WALKING SPEED, AND EVERYTHING ELSE PLAYS AS NORMAL. CARRYING THE CORE HALVES IT - AND PICKING THE CORE UP MID-FLIGHT HALVES WHATEVER IS LEFT.","","text","roster card (assets (/Game/Trace/Data/Characters)) -- NOT a knob","Card text for the E ability."
"Characters - cards and enforced cooldowns","Characters|LILY","LILY.AccentColor","","(R=0.750,G=0.920,B=1.000,A=1.000)","RGBA 0-1","FLinearColor","roster card (assets (/Game/Trace/Data/Characters)) -- NOT a knob","Card accent and the colour of the HUD ability row. Deliberately not a team colour."
"Abilities - Framework","Abilities|Framework","bCharactersEnabled","Characters And Abilities Enabled [v14 §3]","true","on/off","bool","UTraceSettings - Project Settings > Game > Trace Gameplay; [/Script/Trace.TraceSettings] in Config/DefaultGame.ini","SPEC §3, verbatim: ""Include a toggle in game settings to turn off all characters."" Off means everybody plays the default characterless Mannequin - no select screen, no passives, no E, no V. The whole framework becomes inert rather than partially active, which is the only safe meaning for a switch a playtest will flip mid-session. NOTE THIS IS NOT THE ONLY THING THAT DISABLES CHARACTERS. Mode A does too, ..."
"Abilities - Framework","Abilities|Framework","bCarrierImmuneToAbilityControl","Carrier Immune To Ability Slows/Pulls/Knockbacks [v14 §4 ASSUMPTION]","true","on/off","bool","UTraceSettings - Project Settings > Game > Trace Gameplay; [/Script/Trace.TraceSettings] in Config/DefaultGame.ini","*** THE SPEC §4 [ASSUMPTION], AND THE ONE KNOB THAT TOUCHES THE CARRIER RULE. *** Damage to a carrier is an invariant with no knob. This is about the OTHER half: slows, pulls and knockbacks. Spec §4, verbatim: ""slows, pulls and knockbacks do NOT apply to a carrier either - the doc explicitly exempts the carrier from Chut's bash, and a carrier who can be yanked by Oyster's Pickler or slowed by poison is functionally ..."
"Abilities - Framework","Abilities|Framework","AbilityDefaultCooldownSeconds","Default Activated Cooldown (s)","20","s","float","UTraceSettings - Project Settings > Game > Trace Gameplay; [/Script/Trace.TraceSettings] in Config/DefaultGame.ini","The cooldown an activated (E) ability costs when its character does not override it. 20 s is what §6 gives for Rocco's Ripple and Chut's Chud outright, and is the [ASSUMPTION] cooldown for Mace's Spike and Oyster's Pickler, which the doc leaves unspecified. X's Sting is the one stated exception at 25 s. [allowed range: 0.0 to 180.0]"
"Abilities - Framework","Abilities|Framework","CharacterSelectTimeoutSeconds","Character Select Timeout (s, 0 = never) [v14 §3]","30","s","float","UTraceSettings - Project Settings > Game > Trace Gameplay; [/Script/Trace.TraceSettings] in Config/DefaultGame.ini","Seconds a player has on the character select screen before one is assigned for them. Spec §3 [ASSUMPTION]: ""a timeout that auto-assigns a free character, so one idle player cannot stall the match."" Zero disables the timeout, which is a legitimate thing to want in a private playtest and a bad idea anywhere else. [allowed range: 0.0 to 300.0]"
"Abilities - Rocco","Abilities|Rocco","RoccoHeadshotSpeedBonusPerStack","Headshot Speed Bonus Per Stack (fraction)","0.03","fraction","float","UTraceSettings - Project Settings > Game > Trace Gameplay; [/Script/Trace.TraceSettings] in Config/DefaultGame.ini","+3% max speed per headshot kill. The whole stack shares ONE timer, refreshed by each kill. [allowed range: 0.0 to 1.0]"
"Abilities - Rocco","Abilities|Rocco","RoccoHeadshotSpeedStackMax","Headshot Speed Stack Cap [v14 §6 ASSUMPTION]","10","uu/s","int32","UTraceSettings - Project Settings > Game > Trace Gameplay; [/Script/Trace.TraceSettings] in Config/DefaultGame.ini","Cap on the stack. Spec §6 [ASSUMPTION]: ""cap the stack (say 10 = +30%) - unbounded is a bug waiting to happen; make the cap a knob."" This is that knob. At the shipped 3% and 10 it is +30% max, which is roughly the carrier's own speed multiplier and therefore a sane ceiling. [allowed range: 1 to 50]"
"Abilities - Rocco","Abilities|Rocco","RoccoHeadshotSpeedDurationSeconds","Headshot Speed Duration (s) [v24 §11: 3, was 1]","3","s","float","UTraceSettings - Project Settings > Game > Trace Gameplay; [/Script/Trace.TraceSettings] in Config/DefaultGame.ini","The single timer covering the whole stack. Each headshot kill refreshes it - it never splits. *** SPEC v24 §11: 3 s, was 1 s. THE ONLY THING §11 CHANGES. *** The stacking behaviour and the ""each kill extends the timer on the entire boost"" rule are untouched - they live in UTraceAbilitySetRocco::OnKill, which reads this knob and assigns (never adds) the new deadline, so a longer window is genuinely a longer window ... [allowed range: 0.05 to 30.0]"
"Abilities - Rocco","Abilities|Rocco","RoccoSecondJumpZVelocity","Second Jump Z Velocity (uu/s)","260","uu/s","float","UTraceSettings - Project Settings > Game > Trace Gameplay; [/Script/Trace.TraceSettings] in Config/DefaultGame.ini","The second jump's upward speed. ""A VERY SMALL second jump"" - this is deliberately a fraction of a real jump, because §6 says ""the direction change is the point, not the height."" [allowed range: 0.0 to 1200.0]"
"Abilities - Rocco","Abilities|Rocco","RoccoSecondJumpRedirectFraction","Second Jump Direction Change (0-1, 1 = instant)","1","0-1","float","UTraceSettings - Project Settings > Game > Trace Gameplay; [/Script/Trace.TraceSettings] in Config/DefaultGame.ini","How completely the second jump replaces horizontal velocity with the new wish direction. 1 = ""change direction midair, INSTANTLY"" (the spec's word). 0 = no redirect at all, which would make the ability pointless - this exists so the instantaneous version can be softened if it feels teleporty, not so it can be switched off. [allowed range: 0.0 to 1.0]"
"Abilities - Rocco","Abilities|Rocco","RoccoRippleLifetimeSeconds","Ripple Lifetime (s)","5.5","s","float","UTraceSettings - Project Settings > Game > Trace Gameplay; [/Script/Trace.TraceSettings] in Config/DefaultGame.ini","Ripple lifetime. v14 §6 said ""Lasts 4 s""; Demo 17 raised it to 5.5 s. Effects and visuals still vanish together at expiry. [allowed range: 0.25 to 30.0]"
"Abilities - Rocco","Abilities|Rocco","RoccoRippleCooldownSeconds","Ripple Cooldown (s)","20","s","float","UTraceSettings - Project Settings > Game > Trace Gameplay; [/Script/Trace.TraceSettings] in Config/DefaultGame.ini","§6: ""20 s cooldown"", and it is SEPARATE from the standard dash's cooldown. [allowed range: 0.0 to 180.0]"
"Abilities - Rocco","Abilities|Rocco","RoccoRippleDashSpeedMultiplier","Ripple Dash Speed (x Dash Speed)","0.636364","x (multiplier)","float","UTraceSettings - Project Settings > Game > Trace Gameplay; [/Script/Trace.TraceSettings] in Config/DefaultGame.ini","Ripple dash speed, as a multiple of Movement|Dash > Dash Speed. DERIVED - see rule 1 above. [allowed range: 0.1 to 4.0]"
"Abilities - Rocco","Abilities|Rocco","RoccoRippleDashDurationMultiplier","Ripple Dash Duration (x Dash Duration)","1","x (multiplier)","float","UTraceSettings - Project Settings > Game > Trace Gameplay; [/Script/Trace.TraceSettings] in Config/DefaultGame.ini","Ripple dash duration, as a multiple of Movement|Dash > Dash Duration. Sets the path's length. [allowed range: 0.1 to 4.0]"
"Abilities - Rocco","Abilities|Rocco","RoccoRippleRideSpeedMultiplier","Ripple Ride Speed (x Dash Speed)","0.636364","x (multiplier)","float","UTraceSettings - Project Settings > Game > Trace Gameplay; [/Script/Trace.TraceSettings] in Config/DefaultGame.ini","Speed a RIDER is propelled along the path, as a multiple of Dash Speed. Riders may shoot. [allowed range: 0.1 to 4.0]"
"Abilities - Rocco","Abilities|Rocco","RoccoRippleEntryRadiusUU","Ripple Entry Radius (uu)","140","uu","float","UTraceSettings - Project Settings > Game > Trace Gameplay; [/Script/Trace.TraceSettings] in Config/DefaultGame.ini","How close to the START ring a player must be to be picked up. §6: entry is at the start only. [allowed range: 20.0 to 1000.0]"
"Abilities - Rocco","Abilities|Rocco","RoccoRippleRingSpacingUU","Ripple Ring Spacing (uu)","220","uu","float","UTraceSettings - Project Settings > Game > Trace Gameplay; [/Script/Trace.TraceSettings] in Config/DefaultGame.ini","Spacing of the rings drawn along the path. §6: ""a short series of rings along the path"". [allowed range: 20.0 to 2000.0]"
"Abilities - Rocco","Abilities|Rocco","RoccoRippleRingRadiusUU","Ripple Ring Radius (uu)","90","uu","float","UTraceSettings - Project Settings > Game > Trace Gameplay; [/Script/Trace.TraceSettings] in Config/DefaultGame.ini","Radius of each ring. Cosmetic, but it must read as an entrance rather than a decal. [allowed range: 10.0 to 500.0]"
"Abilities - Rocco","Abilities|Rocco","RoccoRippleStartRingColor","Ripple START Ring Colour [v14 §6]","(R=1.000000,G=0.550000,B=0.100000,A=1.000000)","RGBA 0-1","FLinearColor","UTraceSettings - Project Settings > Game > Trace Gameplay; [/Script/Trace.TraceSettings] in Config/DefaultGame.ini","§6: ""the starting ring in a different colour so it is obvious where to take it."""
"Abilities - Rocco","Abilities|Rocco","RoccoRippleTrailRingColor","Ripple Trail Ring Colour","(R=0.200000,G=0.750000,B=1.000000,A=1.000000)","RGBA 0-1","FLinearColor","UTraceSettings - Project Settings > Game > Trace Gameplay; [/Script/Trace.TraceSettings] in Config/DefaultGame.ini","Every ring after the first."
"Abilities - Chut","Abilities|Chut","ChutKnifeFrontDamage","Knife Front Damage [v14 §6: 50 vs the standard 30]","50","HP","float","UTraceSettings - Project Settings > Game > Trace Gameplay; [/Script/Trace.TraceSettings] in Config/DefaultGame.ini","Chut's front knife damage. The standard is UTraceMeleeSettings::FrontDamage (30). [allowed range: 0.0 to 500.0]"
"Abilities - Chut","Abilities|Chut","ChutKnifeBackDamage","Knife Back Damage [v14 §6 ASSUMPTION: unchanged at 100]","100","HP","float","UTraceSettings - Project Settings > Game > Trace Gameplay; [/Script/Trace.TraceSettings] in Config/DefaultGame.ini","Chut's back-stab damage. §6 [ASSUMPTION]: ""back damage stays 100."" Present as a knob rather than left implicit so that the assumption is visible and reversible in one place - and so nobody has to work out whether Chut inherits the standard value or overrides it. [allowed range: 0.0 to 500.0]"
"Abilities - Chut","Abilities|Chut","ChutBashKnockbackSpeed","Bash Knockback Speed (uu/s) [v16 §0: tuned for +25% DISTANCE, not +25% speed]","1118","uu/s","float","UTraceSettings - Project Settings > Game > Trace Gameplay; [/Script/Trace.TraceSettings] in Config/DefaultGame.ini","Speed the bash imparts, along Chut's direction of travel. NEVER applies to a Core carrier. *** 1000 -> 1250 -> 1118 THIS PASS, AND THE MIDDLE VALUE IS THE INTERESTING ONE. *** Spec v16 §0 asked for *""Increase the distance which Chut's bash knocks players by 25%""* - a DISTANCE - and this knob is a SPEED. 1250 was the naive +25% on the speed, and §0 flagged it for measurement rather than shipping it. ... [allowed range: 0.0 to 5000.0]"
"Abilities - Chut","Abilities|Chut","ChutBashUpBias","Bash Upward Bias (fraction of knockback)","0.3","x (multiplier)","float","UTraceSettings - Project Settings > Game > Trace Gameplay; [/Script/Trace.TraceSettings] in Config/DefaultGame.ini","Upward component of the bash, as a fraction of the knockback speed. A little pop reads better. [allowed range: 0.0 to 1.5]"
"Abilities - Chut","Abilities|Chut","ChutBashEndFraction","Bash Window (final fraction of the dash)","0.35","0-1","float","UTraceSettings - Project Settings > Game > Trace Gameplay; [/Script/Trace.TraceSettings] in Config/DefaultGame.ini","What counts as ""the END of his standard dash"": the last this fraction of the dash's duration. §6 is specific about the end rather than the whole dash, so this must never default to 1. [allowed range: 0.05 to 1.0]"
"Abilities - Chut","Abilities|Chut","ChutBashRadiusUU","Bash Radius (uu)","130","uu","float","UTraceSettings - Project Settings > Game > Trace Gameplay; [/Script/Trace.TraceSettings] in Config/DefaultGame.ini","How close the bash reaches. Roughly a capsule and a half at the shipped value. [allowed range: 20.0 to 800.0]"
"Abilities - Chut","Abilities|Chut","ChudDamageReduction","Chud Damage Reduction (fraction)","0.3","fraction","float","UTraceSettings - Project Settings > Game > Trace Gameplay; [/Script/Trace.TraceSettings] in Config/DefaultGame.ini","§6: ""30% less damage from body shots and melees for 10 s."" This is the 0.30. [allowed range: 0.0 to 1.0]"
"Abilities - Chut","Abilities|Chut","ChudDurationSeconds","Chud Duration (s)","10","s","float","UTraceSettings - Project Settings > Game > Trace Gameplay; [/Script/Trace.TraceSettings] in Config/DefaultGame.ini","§6: 10 s. Does not stack; a knife kill REFRESHES this window rather than adding to it. [allowed range: 0.5 to 60.0]"
"Abilities - Chut","Abilities|Chut","ChudCooldownSeconds","Chud Cooldown (s)","20","s","float","UTraceSettings - Project Settings > Game > Trace Gameplay; [/Script/Trace.TraceSettings] in Config/DefaultGame.ini","§6: 20 s. [allowed range: 0.0 to 180.0]"
"Abilities - Chut","Abilities|Chut","bChudRefreshesOnKnifeKill","Chud Refreshes On Knife Kill","true","on/off","bool","UTraceSettings - Project Settings > Game > Trace Gameplay; [/Script/Trace.TraceSettings] in Config/DefaultGame.ini","§6: ""The timer refreshes on a knife kill."" Off makes Chud a plain 10 s window."
"Abilities - Mace","Abilities|Mace","MaceMagnetRadiusBonus","Magnet Radius Bonus (fraction of Core Catch Radius) [v14 §6: derive, do not hardcode]","0.3","x (multiplier)","float","UTraceSettings - Project Settings > Game > Trace Gameplay; [/Script/Trace.TraceSettings] in Config/DefaultGame.ini","§6: ""+30% magnet radius ... The base is now 450 uu (reduced 10% in Demo 12), so Mace's is 585 uu. DERIVE IT, DO NOT HARDCODE."" So this is the 0.30 and the base stays CoreCatchRadius under Core|Mode B. 450 x 1.30 = 585. If somebody retunes the base, Mace follows for free. [allowed range: 0.0 to 2.0]"
"Abilities - Mace","Abilities|Mace","MaceSuspendMaxSeconds","Suspend Max Duration (s)","1.25","s","float","UTraceSettings - Project Settings > Game > Trace Gameplay; [/Script/Trace.TraceSettings] in Config/DefaultGame.ini","§6: ""suspend for up to 1.25 s"". A hard cap, not a resource - releasing V ends it early. [allowed range: 0.05 to 10.0]"
"Abilities - Mace","Abilities|Mace","MaceSuspendLateralSpeedCap","Suspend Lateral Speed Cap (uu/s)","550","uu/s","float","UTraceSettings - Project Settings > Game > Trace Gameplay; [/Script/Trace.TraceSettings] in Config/DefaultGame.ini","§6: ""she may move laterally capped at 550 uu/s"" while suspended. [allowed range: 0.0 to 3000.0]"
"Abilities - Mace","Abilities|Mace","MaceSuspendCooldownSeconds","Suspend Cooldown (s, from RELEASE or expiry; NOT drawn on the HUD) [Demo 17: 3]","3","s","float","UTraceSettings - Project Settings > Game > Trace Gameplay; [/Script/Trace.TraceSettings] in Config/DefaultGame.ini","DEMO 17 item 6, verbatim: ""Add a 3 second cooldown to Mace's V. Time it from when she releases V or the suspend expires, not from when it started. Do not show it on the HUD."" *** TIMED FROM THE END, AND THAT IS WHERE THE CODE ALREADY PUTS IT. *** It is stamped by UTraceAbilitySetMace::StopSuspend(), which is the ONE exit every way out of a suspend goes through - the key coming up, the 1.25 s cap elapsing, landing, a ... [allowed range: 0.0 to 60.0]"
"Abilities - Mace","Abilities|Mace","MaceSpikeRangeUU","Spike Range (uu) [v15 §6: 2200 -> 6600, +200%]","6600","uu","float","UTraceSettings - Project Settings > Game > Trace Gameplay; [/Script/Trace.TraceSettings] in Config/DefaultGame.ini","§6: ""throws a roped spike in her aim direction for a MEDIUM distance."" v15 §6: ""expand the range for its use 200%"". [ASSUMPTION] ""200% more"" read as x3, so 2200 -> 6600. MEASURED WHY IT MATTERED: at 2200 uu, Trace.Mace.SpikeConsistency's arena census found a wall on only 21.6% of 648 aim directions taken from real player positions - three times out of four, looking somewhere and pressing E did nothing at all. That ... [allowed range: 100.0 to 20000.0]"
"Abilities - Mace","Abilities|Mace","MaceSpikeTravelSpeed","Spike Travel Speed (uu/s) [v15 §6: 5000 -> 20000, +300%]","20000","uu/s","float","UTraceSettings - Project Settings > Game > Trace Gameplay; [/Script/Trace.TraceSettings] in Config/DefaultGame.ini","How fast the spike travels to its anchor. Fast enough to feel like a grapple, not a grenade. v15 §6: ""make it 300% faster"". [ASSUMPTION] ""300% faster"" read as x4, so 5000 -> 20000. At the raised range that is a 0.33 s flight for a maximum throw, against 1.32 s if the old speed had been kept - the range change on its own would have made the ability SLOWER to use. [allowed range: 100.0 to 30000.0]"
"Abilities - Mace","Abilities|Mace","MaceSpikeMaxSurfaceNormalZ","Spike Wall Test: max |normal.Z| [v15 §6]","0.7","cos, -1 to 1","float","UTraceSettings - Project Settings > Game > Trace Gameplay; [/Script/Trace.TraceSettings] in Config/DefaultGame.ini","THE WALL TEST. ""Largest |Normal.Z| the spike will still call a wall."" This USED to read WallJumpMaxNormalZ (0.40), on the reasoning that the project should have one definition of a wall. MEASURED, that was wrong for the spike: 0.40 is a surface 66 degrees off horizontal, so everything between the 45-degree walkable limit and 66 degrees was refused - geometry she cannot stand on, cannot walk up, and could not spike ... [allowed range: 0.0 to 1.0]"
"Abilities - Mace","Abilities|Mace","MaceSpikeTraceRadiusUU","Spike Aim Forgiveness Radius (uu, 0 = exact line only) [v15 §6]","16","uu","float","UTraceSettings - Project Settings > Game > Trace Gameplay; [/Script/Trace.TraceSettings] in Config/DefaultGame.ini","Radius of the FALLBACK sweep the throw runs when the exact aim ray finds nothing to stick to. 0 disables it and leaves the throw a pure line trace, which is what it was before v15 §6. WHY IT EXISTS. The throw resolved its anchor with an infinitely thin line, so a 40 uu pillar at 1200 uu was missed by one degree of aim error and a 16 uu railing by half a degree - while the crosshair was visibly still on them. ... [allowed range: 0.0 to 60.0]"
"Abilities - Mace","Abilities|Mace","MaceSpikeEmbedSeconds","Spike Embed Duration (s)","2","s","float","UTraceSettings - Project Settings > Game > Trace Gameplay; [/Script/Trace.TraceSettings] in Config/DefaultGame.ini","§6: ""On hitting a wall it embeds for 2 s."" After that it is gone whether she used it or not. [allowed range: 0.1 to 30.0]"
"Abilities - Mace","Abilities|Mace","MaceSpikePullSpeedMultiplier","Spike Pull Speed (x air-strafe hard cap) [v15 §6: 1.0 -> 2.0, the pull became the slow part]","2","x (multiplier)","float","UTraceSettings - Project Settings > Game > Trace Gameplay; [/Script/Trace.TraceSettings] in Config/DefaultGame.ini","Pull speed as a multiple of the momentum ceiling. v14 §6: ""pulls her toward it AT THE MOMENTUM CEILING (the air-strafe hard cap)"". DERIVED - the ceiling is AirStrafeHardCapSpeed x AirStrafeAsymptoteScale under Movement|Air, and it stays the only place that number lives. 2.0, NOT the 1.0 v14 derived, and the reason is measured. v15 §6 made the throw 4x faster and the range 3x longer, and verification then showed the ... [allowed range: 0.1 to 4.0]"
"Abilities - Mace","Abilities|Mace","MaceSpikeArriveRadiusUU","Spike Arrive Radius (uu)","150","uu","float","UTraceSettings - Project Settings > Game > Trace Gameplay; [/Script/Trace.TraceSettings] in Config/DefaultGame.ini","How close to the spike counts as arrived, ending the pull. [allowed range: 20.0 to 600.0]"
"Abilities - Mace","Abilities|Mace","MaceSpikeCooldownSeconds","Spike Cooldown (s) [v14 §6 ASSUMPTION: unspecified]","20","s","float","UTraceSettings - Project Settings > Game > Trace Gameplay; [/Script/Trace.TraceSettings] in Config/DefaultGame.ini","§6 [ASSUMPTION]: ""cooldown 20 s to match the others; flag it as unspecified."" Flagged. [allowed range: 0.0 to 180.0]"
"Abilities - Oyster","Abilities|Oyster","OysterJarLifetimeSeconds","Jar Lifetime (s)","4","s","float","UTraceSettings - Project Settings > Game > Trace Gameplay; [/Script/Trace.TraceSettings] in Config/DefaultGame.ini","§6: jars ""last 4 s on the ground"". [allowed range: 0.25 to 60.0]"
"Abilities - Oyster","Abilities|Oyster","OysterMaxJars","Max Live Jars","3","count","int32","UTraceSettings - Project Settings > Game > Trace Gameplay; [/Script/Trace.TraceSettings] in Config/DefaultGame.ini","§6: ""Max 3; a fourth despawns the oldest."" [allowed range: 1 to 20]"
"Abilities - Oyster","Abilities|Oyster","OysterJarBreakRadiusUU","Jar Break Radius (uu)","100","uu","float","UTraceSettings - Project Settings > Game > Trace Gameplay; [/Script/Trace.TraceSettings] in Config/DefaultGame.ini","How close an enemy must come to break a jar by touching it. [allowed range: 20.0 to 500.0]"
"Abilities - Oyster","Abilities|Oyster","OysterPoisonDamagePerTick","Poison Damage Per Tick","3","HP","float","UTraceSettings - Project Settings > Game > Trace Gameplay; [/Script/Trace.TraceSettings] in Config/DefaultGame.ini","§6: ""3 damage every 0.5 s for 4 s"". This is the 3. Damage, so it never reaches a carrier. [allowed range: 0.0 to 100.0]"
"Abilities - Oyster","Abilities|Oyster","OysterPoisonTickIntervalSeconds","Poison Tick Interval (s)","0.5","s","float","UTraceSettings - Project Settings > Game > Trace Gameplay; [/Script/Trace.TraceSettings] in Config/DefaultGame.ini","§6: every 0.5 s. [allowed range: 0.05 to 5.0]"
"Abilities - Oyster","Abilities|Oyster","OysterPoisonDurationSeconds","Poison Duration (s)","4","s","float","UTraceSettings - Project Settings > Game > Trace Gameplay; [/Script/Trace.TraceSettings] in Config/DefaultGame.ini","§6: for 4 s. At the shipped tick that is 8 ticks and 24 damage total. [allowed range: 0.25 to 30.0]"
"Abilities - Oyster","Abilities|Oyster","OysterPoisonSlowFraction","Poison Slow (fraction) [CONTROL: see the §4 assumption]","0.3","fraction","float","UTraceSettings - Project Settings > Game > Trace Gameplay; [/Script/Trace.TraceSettings] in Config/DefaultGame.ini","§6: ""−30% speed for 4 s"". A CONTROL effect - blocked on carriers by the §4 [ASSUMPTION]. [allowed range: 0.0 to 0.95]"
"Abilities - Oyster","Abilities|Oyster","OysterPoisonRadiusUU","Poison Burst Radius (uu)","380","uu","float","UTraceSettings - Project Settings > Game > Trace Gameplay; [/Script/Trace.TraceSettings] in Config/DefaultGame.ini","How far the burst reaches. §6 says ""poisoning nearby enemies"" and leaves the radius open. [allowed range: 50.0 to 3000.0]"
"Abilities - Oyster","Abilities|Oyster","OysterJarJumpZVelocity","Jar-Jump Z Velocity (uu/s)","1050","uu/s","float","UTraceSettings - Project Settings > Game > Trace Gameplay; [/Script/Trace.TraceSettings] in Config/DefaultGame.ini","§6: ""jumping while stood on one of his jars breaks it and boosts him upward."" [allowed range: 0.0 to 3000.0]"
"Abilities - Oyster","Abilities|Oyster","OysterJarJumpRadiusUU","Jar-Jump Stand Radius (uu)","110","uu","float","UTraceSettings - Project Settings > Game > Trace Gameplay; [/Script/Trace.TraceSettings] in Config/DefaultGame.ini","How close to a jar Oyster must be standing for the jar-jump to trigger instead of a jump. [allowed range: 20.0 to 400.0]"
"Abilities - Oyster","Abilities|Oyster","OysterPicklerDamage","Pickler Impact Damage","30","HP","float","UTraceSettings - Project Settings > Game > Trace Gameplay; [/Script/Trace.TraceSettings] in Config/DefaultGame.ini","§6: Pickler ""deals 30 damage in an area"" on landing. Damage - never reaches a carrier. [allowed range: 0.0 to 300.0]"
"Abilities - Oyster","Abilities|Oyster","OysterPicklerDamageRadiusUU","Pickler Damage Radius (uu)","420","uu","float","UTraceSettings - Project Settings > Game > Trace Gameplay; [/Script/Trace.TraceSettings] in Config/DefaultGame.ini","The area that 30 covers. [allowed range: 50.0 to 3000.0]"
"Abilities - Oyster","Abilities|Oyster","OysterPicklerPullRadiusUU","Pickler Pull Radius (uu) [CONTROL]","380","uu","float","UTraceSettings - Project Settings > Game > Trace Gameplay; [/Script/Trace.TraceSettings] in Config/DefaultGame.ini","§6: ""pulls enemies within a SMALL radius toward it"" - smaller than the damage radius. // SPEC v19 §4.4 ""a greater pull radius"": 260 -> 380, matching the poison burst radius the game // already draws, so the ring a player SEES is the ring that grabs them. The C++ default and // Config/DefaultGame.ini's pinned value are kept equal deliberately - when they disagreed the ini // silently won and the header lied to anyone ... [allowed range: 20.0 to 2000.0]"
"Abilities - Oyster","Abilities|Oyster","OysterPicklerPullSpeed","Pickler Pull Speed (uu/s) [CONTROL]","1300","uu/s","float","UTraceSettings - Project Settings > Game > Trace Gameplay; [/Script/Trace.TraceSettings] in Config/DefaultGame.ini","How hard the pull is. A CONTROL effect - blocked on carriers by the §4 [ASSUMPTION]. [allowed range: 0.0 to 5000.0]"
"Abilities - Oyster","Abilities|Oyster","OysterPicklerDetonateDelayScale","Pickler Detonate Delay (x pull travel time)","1","x (multiplier)","float","UTraceSettings - Project Settings > Game > Trace Gameplay; [/Script/Trace.TraceSettings] in Config/DefaultGame.ini","SPEC v26 §6b: ""the E jar should EXPLODE once the pull animation finishes, rather than waiting for a jump to trigger them."" How long the Pickler jar lies there after its impact before it detonates, expressed as a MULTIPLE OF THE PULL'S OWN TRAVEL TIME rather than as a number of seconds. The pull is what this delay is waiting for, so the pull is the base it is stored against: someone caught at the very edge of ... [allowed range: 0.0 to 10.0]"
"Abilities - Oyster","Abilities|Oyster","OysterPicklerThrowSpeed","Pickler Throw Speed (uu/s)","1900","uu/s","float","UTraceSettings - Project Settings > Game > Trace Gameplay; [/Script/Trace.TraceSettings] in Config/DefaultGame.ini","How fast the jar is lobbed. It is a LOB - it arcs, lands, fires its impact, then detonates. [allowed range: 100.0 to 10000.0]"
"Abilities - Oyster","Abilities|Oyster","OysterPicklerThrowUpBias","Pickler Throw Up Bias (fraction)","0.35","fraction","float","UTraceSettings - Project Settings > Game > Trace Gameplay; [/Script/Trace.TraceSettings] in Config/DefaultGame.ini","Upward bias on the lob, as a fraction of the throw speed. Zero would be a bullet, not a lob. [allowed range: 0.0 to 1.5]"
"Abilities - Oyster","Abilities|Oyster","OysterPicklerCooldownSeconds","Pickler Cooldown (s) [v14 §6 ASSUMPTION: unspecified]","20","s","float","UTraceSettings - Project Settings > Game > Trace Gameplay; [/Script/Trace.TraceSettings] in Config/DefaultGame.ini","§6 [ASSUMPTION]: ""cooldown 20 s; unspecified."" Flagged. [allowed range: 0.0 to 180.0]"
"Abilities - X","Abilities|X","XBeeCount","Bee Count","5","count","int32","UTraceSettings - Project Settings > Game > Trace Gameplay; [/Script/Trace.TraceSettings] in Config/DefaultGame.ini","§6: five bees. The same five are the Sting's five bullets, so this is one number, not two. [allowed range: 1 to 20]"
"Abilities - X","Abilities|X","XBeeOrbitRadiusUU","Bee Orbit Radius (uu)","120","uu","float","UTraceSettings - Project Settings > Game > Trace Gameplay; [/Script/Trace.TraceSettings] in Config/DefaultGame.ini","How far out the bees orbit. §6 [ASSUMPTION]: ""the orbiting bees hit on contact - X's body is the delivery mechanism."" [allowed range: 20.0 to 600.0]"
"Abilities - X","Abilities|X","XBeeOrbitSpeedDegPerSecond","Bee Orbit Speed (deg/s)","240","deg/s","float","UTraceSettings - Project Settings > Game > Trace Gameplay; [/Script/Trace.TraceSettings] in Config/DefaultGame.ini","How fast they go round. Cosmetic except that it sets which bee is where when a body touches. [allowed range: 0.0 to 2000.0]"
"Abilities - X","Abilities|X","XBeeHitRadiusUU","Bee Hit Radius (uu)","50","uu","float","UTraceSettings - Project Settings > Game > Trace Gameplay; [/Script/Trace.TraceSettings] in Config/DefaultGame.ini","A bee's own touch radius, on top of the victim's capsule. [allowed range: 5.0 to 300.0]"
"Abilities - X","Abilities|X","XVulnerableDurationSeconds","Vulnerable Duration (s)","2","s","float","UTraceSettings - Project Settings > Game > Trace Gameplay; [/Script/Trace.TraceSettings] in Config/DefaultGame.ini","§6: vulnerable for 2 s. ""Does not stack; a new application RESETS the timer."" [allowed range: 0.1 to 30.0]"
"Abilities - X","Abilities|X","XVulnerableDamageBonus","Vulnerable Damage Bonus (fraction) [v24 §9: 0.35, was 0.25]","0.35","fraction","float","UTraceSettings - Project Settings > Game > Trace Gameplay; [/Script/Trace.TraceSettings] in Config/DefaultGame.ini","v14 §6 said ""+25% damage from ALL sources"". *** SPEC v24 §9 RAISED THE FIRST STACK TO +35%. *** Verbatim: ""Increase X's base vulnerable to 35% extra damage, keeping the 5% extra per stack after one intact, and all other aspects intact."" So this knob - and ONLY this knob - moved: XVulnerableStackBonus is still 0.05, XVulnerableMaxStacks is still 5, XVulnerableDurationSeconds is still 2, and the refresh rule is ... [allowed range: 0.0 to 3.0]"
"Abilities - X","Abilities|X","XVulnerableSpeedBonus","Speed Bonus While Any Enemy Vulnerable (fraction)","0.15","fraction","float","UTraceSettings - Project Settings > Game > Trace Gameplay; [/Script/Trace.TraceSettings] in Config/DefaultGame.ini","Movement passive: speed while ANY enemy is vulnerable - any, not the one he marked. v14 §6 specified 10%; Demo 18 raised it to 15%. [allowed range: 0.0 to 1.0]"
"Abilities - X","Abilities|X","XStingCooldownSeconds","Sting Cooldown (s) [v14 §6: 25, not 20]","25","s","float","UTraceSettings - Project Settings > Game > Trace Gameplay; [/Script/Trace.TraceSettings] in Config/DefaultGame.ini","§6: ""25 s cooldown"" - the one activated ability that is not 20. [allowed range: 0.0 to 180.0]"
"Abilities - X","Abilities|X","XStingBulletCount","Sting Loaded Bullets [keep equal to Bee Count]","5","count","int32","UTraceSettings - Project Settings > Game > Trace Gameplay; [/Script/Trace.TraceSettings] in Config/DefaultGame.ini","How many loaded bullets carry the mark. §6 says five, and says the bees resume orbiting when all five are fired - so this and XBeeCount are the same five and should move together. [allowed range: 1 to 20]"
"Abilities - X","Abilities|X","XVulnerableStackBonus","Vulnerable: Bonus Per Extra Stack (fraction) [v16 §4]","0.05","fraction","float","UTraceSettings - Project Settings > Game > Trace Gameplay; [/Script/Trace.TraceSettings] in Config/DefaultGame.ini","What each stack after the first adds. §4: ""each additional stack only adds 5%"". UNCHANGED BY SPEC v24 §9, which says ""keeping the 5% extra per stack after one intact"". With the first stack now at +35% (XVulnerableDamageBonus), 1 stack = +35%, 2 = +40%, 3 = +45%, and so on up to the cap below. (It used to read +25/+30/+35.) [allowed range: 0.0 to 1.0]"
"Abilities - X","Abilities|X","XVulnerableMaxStacks","Vulnerable: Max Stacks [v16 §4, capped at 5]","5","count","int32","UTraceSettings - Project Settings > Game > Trace Gameplay; [/Script/Trace.TraceSettings] in Config/DefaultGame.ini","HARD CEILING ON THE STACK COUNT. §4 does not give one; [ASSUMPTION], and this is the knob it was made a knob for. FIVE, and the reason is X's own arithmetic rather than a round number: five is the bee count (XBeeCount) and the Sting clip (XStingBulletCount), so it is exactly the number of marks X can deliver in one engagement without waiting for a cooldown. A cap below five would make the last bees of a Sting clip ... [allowed range: 1 to 50]"
"Abilities - Roxie","Abilities|Roxie","RoxieJumpHeightBonus","Jump HEIGHT Bonus (fraction; velocity scales as sqrt(1+this)) [v18 §2]","0.15","x (multiplier)","float","UTraceSettings - Project Settings > Game > Trace Gameplay; [/Script/Trace.TraceSettings] in Config/DefaultGame.ini","§2: ""jumps 15% higher"". THE FRACTION IS A HEIGHT, AND HEIGHT IS NOT VELOCITY. *** READ THIS BEFORE YOU MULTIPLY JumpZVelocity BY 1.15. *** Apex height under gravity is v^2 / 2g, so it goes as the SQUARE of launch speed: the velocity scale for a +15% apex is sqrt(1.15) = 1.0724, and 1.15 on the velocity would buy +32.25% height - more than double what was asked for. This project has already shipped that exact mistake ... [allowed range: 0.0 to 2.0]"
"Abilities - Roxie","Abilities|Roxie","RoxieRocketDamage","Rocket Damage [v18 §2: flat 100, no hit zones. DAMAGE - never a carrier]","100","HP","float","UTraceSettings - Project Settings > Game > Trace Gameplay; [/Script/Trace.TraceSettings] in Config/DefaultGame.ini","§2: ""The rocket deals 100 damage on impact, ANYWHERE ON THE BODY - no headshot/body distinction."" *** THE SINGLE MOST DANGEROUS NUMBER IN THIS FILE. *** 100 is a full health bar, it ignores hit zones, and the game's founding invariant is that NO ABILITY MAY DAMAGE A CORE CARRIER. It must be dealt through UTraceCharacterAbilitySet::DealDamage, which routes to UTraceAbilityComponent::CanAffectTarget - never by ... [allowed range: 0.0 to 500.0]"
"Abilities - Roxie","Abilities|Roxie","RoxieRocketSpeed","Rocket Speed (uu/s)","2600","uu/s","float","UTraceSettings - Project Settings > Game > Trace Gameplay; [/Script/Trace.TraceSettings] in Config/DefaultGame.ini","How fast the rocket flies. DELIBERATELY WELL UNDER a thrown Core (3300) and nowhere near hitscan: §2 wants something ""deliberately inaccurate and hard to aim"", and a projectile that arrives instantly cannot be either. 2600 uu/s is roughly a second to cross the gap between two midfield cover blocks. [allowed range: 200.0 to 20000.0]"
"Abilities - Roxie","Abilities|Roxie","RoxieRocketLifetimeSeconds","Rocket Lifetime (s)","3","s","float","UTraceSettings - Project Settings > Game > Trace Gameplay; [/Script/Trace.TraceSettings] in Config/DefaultGame.ini","How long before the rocket gives up. Speed x this is the effective range: 2600 x 3 = 7800 uu. [allowed range: 0.1 to 30.0]"
"Abilities - Roxie","Abilities|Roxie","RoxieRocketHitRadiusUU","Rocket Hit Radius (uu, NOT splash)","45","uu","float","UTraceSettings - Project Settings > Game > Trace Gameplay; [/Script/Trace.TraceSettings] in Config/DefaultGame.ini","The rocket's OWN touch radius, on top of the victim's capsule - the same idea as XBeeHitRadiusUU. IT IS NOT A SPLASH RADIUS. §2 says ""on impact"", once, for 100; an area-of-effect rocket would be a different and much stronger ability than the doc describes. [allowed range: 1.0 to 300.0]"
"Abilities - Roxie","Abilities|Roxie","RoxieRocketWobbleAmplitudeUU","Rocket Wobble Amplitude (uu, 0 = flies straight) [v18 §2]","120","uu","float","UTraceSettings - Project Settings > Game > Trace Gameplay; [/Script/Trace.TraceSettings] in Config/DefaultGame.ini","§2: it ""WOBBLES in flight, deliberately inaccurate and hard to aim"". This is how far off the straight line the path swings, at its widest. ZERO IS THE RED ARM: a rocket with no wobble is a straight, easily-aimed 100-damage projectile, which is a materially different (and much better) ability. Any verification of ""hard to aim"" should be able to A/B against 0. [allowed range: 0.0 to 1000.0]"
"Abilities - Roxie","Abilities|Roxie","RoxieRocketVisualScale","Rocket: Drawn Size (x its own hit radius) [Demo 17]","1","x (multiplier)","float","UTraceSettings - Project Settings > Game > Trace Gameplay; [/Script/Trace.TraceSettings] in Config/DefaultGame.ini","DEMO 17 item 3, verbatim: ""make the model of the rocket bigger, so it is easy to see."" A multiplier on the DRAWN body, whose base size is RoxieRocketHitRadiusUU above - so 1.0 means ""the rocket is drawn exactly as big as the thing that kills you"". Before Demo 17 the body was a fixed 13 uu dart around a 45 uu lethal radius, i.e. three and a half times narrower than its own hit test: a near miss looked like a clean ... [allowed range: 0.1 to 6.0]"
"Abilities - Roxie","Abilities|Roxie","RoxieRocketWobbleFrequencyHz","Rocket Wobble Frequency (Hz)","3","Hz","float","UTraceSettings - Project Settings > Game > Trace Gameplay; [/Script/Trace.TraceSettings] in Config/DefaultGame.ini","Wobbles per second. With the amplitude above, these two ARE ""hard to aim"" - tune them together. [allowed range: 0.0 to 20.0]"
"Abilities - Roxie","Abilities|Roxie","RoxieRocketSelfLaunchImpulse","Rocket Self-Launch Impulse (uu/s, backwards)","2200","uu/s","float","UTraceSettings - Project Settings > Game > Trace Gameplay; [/Script/Trace.TraceSettings] in Config/DefaultGame.ini","§2: the rocket ""launches her BACKWARDS, fast and far"". Applied to ROXIE, opposite her aim. Worth reading against the two speeds this game already has in the hands: the dash is 3300 uu/s and a wall jump throws 360 uu/s outward. 2200 is firmly a movement ability rather than a nudge, and it is on a 35 s cooldown for that reason. [allowed range: 0.0 to 8000.0]"
"Abilities - Roxie","Abilities|Roxie","RoxieRocketSelfLaunchUpBias","Rocket Self-Launch Up Bias (fraction of the impulse)","0.35","x (multiplier)","float","UTraceSettings - Project Settings > Game > Trace Gameplay; [/Script/Trace.TraceSettings] in Config/DefaultGame.ini","Upward share of that impulse. ""FAR"" needs air time - a purely horizontal shove on the ground is eaten by friction in half a second. Same shape and the same reason as ChutBashUpBias. [allowed range: 0.0 to 1.5]"
"Abilities - Roxie","Abilities|Roxie","RoxieRocketCooldownSeconds","Rocket Cooldown (s) [v18 §2: 35]","35","s","float","UTraceSettings - Project Settings > Game > Trace Gameplay; [/Script/Trace.TraceSettings] in Config/DefaultGame.ini","§2: ""35 s cooldown"". SEPARATE from the E ability's - this one is on V, exactly as Rocco's Ripple is separate from the standard dash. [allowed range: 0.0 to 180.0]"
"Abilities - Roxie","Abilities|Roxie","RoxieModdedFireRateMultiplier","Modded Fire Rate (x; DIVIDES Fire Interval) [v18 §2: 1.65]","1.65","x","float","UTraceSettings - Project Settings > Game > Trace Gameplay; [/Script/Trace.TraceSettings] in Config/DefaultGame.ini","§2: Modded makes the gun fire ""x1.65"". IT IS A RATE, AND FireInterval IS A PERIOD, so this DIVIDES: 0.3158 s / 1.65 = 0.1914 s, i.e. 190 RPM becomes 314. Multiplying FireInterval by 1.65 would make her fire SLOWER, which is the kind of inversion that reads as ""the ability does nothing"" in a playtest rather than as a bug. *** THIS KNOB IS THE §0 EXAMPLE THE OWNER GAVE, AND IT IS ALREADY RELATIVE. *** It is a ... [allowed range: 0.1 to 5.0]"
"Abilities - Roxie","Abilities|Roxie","bRoxieModdedFullAuto","Modded Makes The Gun Full Auto [v18 §2]","true","on/off","bool","UTraceSettings - Project Settings > Game > Trace Gameplay; [/Script/Trace.TraceSettings] in Config/DefaultGame.ini","§2: ""the gun becomes FULL AUTO"" for the duration. Off leaves it semi-auto but still faster."
"Abilities - Roxie","Abilities|Roxie","RoxieModdedDurationSeconds","Modded Duration (s) [v18 §2: 5, or one clip]","5","s","float","UTraceSettings - Project Settings > Game > Trace Gameplay; [/Script/Trace.TraceSettings] in Config/DefaultGame.ini","§2: ""lasts one clip OR 5 seconds, whichever comes first"". This is the 5 s half of that. [allowed range: 0.1 to 60.0]"
"Abilities - Roxie","Abilities|Roxie","bRoxieModdedEndsOnReload","Modded Ends On Reload [v18 §2 ASSUMPTION: 'one clip' = the one loaded when it started]","true","on/off","bool","UTraceSettings - Project Settings > Game > Trace Gameplay; [/Script/Trace.TraceSettings] in Config/DefaultGame.ini","The ""one clip"" half. §2 [ASSUMPTION]: ""one clip"" means the clip that was loaded when Modded started, so a reload ends the effect. A knob rather than an omission because the other reading - Modded survives reloads and only the 5 s stops it - is defensible and much stronger, and it should be one tick box to try rather than a code change. At 30 rounds and 0.242 s a full clip is 7.3 s of fire, so with this OFF the 5 s ..."
"Abilities - Roxie","Abilities|Roxie","RoxieModdedCooldownSeconds","Modded Cooldown (s) [v18 §2: 25]","25","s","float","UTraceSettings - Project Settings > Game > Trace Gameplay; [/Script/Trace.TraceSettings] in Config/DefaultGame.ini","§2: ""25 s cooldown"". The card prints this too - Trace.VerifyCharacterData compares the pair. [allowed range: 0.0 to 180.0]"
"Abilities - Elle","Abilities|Elle","ElleCloakDurationSeconds","Cloak Duration (s) [v18 §2: 3]","3","s","float","UTraceSettings - Project Settings > Game > Trace Gameplay; [/Script/Trace.TraceSettings] in Config/DefaultGame.ini","§2: ""cloaks themselves for 3 seconds"" after passing or throwing the Core. [allowed range: 0.1 to 30.0]"
"Abilities - Elle","Abilities|Elle","ElleCloakOpacity","Cloak Opacity (0 = invisible, 1 = no cloak) [VISUAL ONLY]","0.22","0-1","float","UTraceSettings - Project Settings > Game > Trace Gameplay; [/Script/Trace.TraceSettings] in Config/DefaultGame.ini","How see-through she is while cloaked. 0 is fully invisible, 1 is not cloaked at all. §2 says ""SEMI-transparent and hard to see or aim at"", not invisible, and the difference matters to the other team: a target that cannot be seen at all cannot be counterplayed, and this game has no detection tools. 1.0 IS THE RED ARM for any ""is she harder to see"" verification. *** VISUAL ONLY. *** [ASSUMPTION] the cloak changes no ... [allowed range: 0.0 to 1.0]"
"Abilities - Elle","Abilities|Elle","bElleCloakEndsOnCorePickup","Cloak Drops If She Retakes The Core [v18 §2 ASSUMPTION]","true","on/off","bool","UTraceSettings - Project Settings > Game > Trace Gameplay; [/Script/Trace.TraceSettings] in Config/DefaultGame.ini","§2 [ASSUMPTION]: picking the Core back up drops the cloak early. Off leaves the full 3 s."
"Abilities - Elle","Abilities|Elle","ElleSlideJumpGainBonus","Slide-Jump GAIN Bonus (fraction of the gain, not the multiplier) [v18 §2: 0.446875 -> 0.625]","0.4","x (multiplier)","float","UTraceSettings - Project Settings > Game > Trace Gameplay; [/Script/Trace.TraceSettings] in Config/DefaultGame.ini","§2: ""+40% on well-timed slide-jump momentum boosts"". *** IT SCALES THE GAIN, NOT THE WHOLE MULTIPLIER. *** Everyone's well-timed slide jump is x1.446875 today, which is 1 + 0.446875 of GAIN. +40% of the gain is 0.446875 x 1.40 = 0.625, so Elle's is x1.625. Scaling the whole multiplier instead would give x2.025 - an ability more than twice the size of the one asked for. That reading is not invented here: it is how ... [allowed range: 0.0 to 3.0]"
"Abilities - Elle","Abilities|Elle","ElleSnapSecondGateWindowSeconds","Snap: Second-Gate Window (s) [v18 §2: 4]","4","s","float","UTraceSettings - Project Settings > Game > Trace Gameplay; [/Script/Trace.TraceSettings] in Config/DefaultGame.ini","§2: ""she may reactivate within 4 s to place a second gate"". No second gate and the first expires. [allowed range: 0.25 to 30.0]"
"Abilities - Elle","Abilities|Elle","ElleSnapPairLifetimeSeconds","Snap: Pair Lifetime (s) [v18 §2: 8]","8","s","float","UTraceSettings - Project Settings > Game > Trace Gameplay; [/Script/Trace.TraceSettings] in Config/DefaultGame.ini","§2: ""with both placed, both expire after 8 s"". The clock starts when the PAIR completes. [allowed range: 0.5 to 60.0]"
"Abilities - Elle","Abilities|Elle","ElleSnapGateRadiusUU","Snap: Gate Radius (uu)","130","uu","float","UTraceSettings - Project Settings > Game > Trace Gameplay; [/Script/Trace.TraceSettings] in Config/DefaultGame.ini","How close to a gate counts as stepping into it. Sized like Rocco's ripple entry (140 uu). [allowed range: 20.0 to 1000.0]"
"Abilities - Elle","Abilities|Elle","ElleSnapTeleportLockoutSeconds","Snap: Re-Entry Lockout (s) [a backstop since Demo 17; the step-in edge is the rule]","1","s","float","UTraceSettings - Project Settings > Game > Trace Gameplay; [/Script/Trace.TraceSettings] in Config/DefaultGame.ini","Seconds a player who has just teleported is ignored by BOTH gates. SINCE DEMO 17 THIS IS THE BACKSTOP AND NOT THE MECHANISM. A gate now fires on the frame somebody STEPS IN - an edge, not a proximity poll (see ATraceElleGate::InsideLastLook) - so an arrival is no longer an entry and standing in a mouth does nothing at all. That is what stops the pair being a trap; before it, this lockout was the only thing between a ... [allowed range: 0.0 to 10.0]"
"Abilities - Elle","Abilities|Elle","bElleSnapUsableByBothTeams","Snap: Usable By BOTH Teams [v18 §2 ASSUMPTION - the most reversible call in the doc]","true","on/off","bool","UTraceSettings - Project Settings > Game > Trace Gameplay; [/Script/Trace.TraceSettings] in Config/DefaultGame.ini","*** THE §2 [ASSUMPTION] THE USER IS MOST LIKELY TO REVERSE, AND §2 SAYS SO ITSELF. *** §2 verbatim: ""'allowing players to teleport' means ANY player, both teams - it says players, not teammates, and Rocco's Ripple set the precedent that a placed thing is usable by everyone. Flag it prominently; it is the most reversible-by-them decision in this doc."" True (shipped) = either team may use either gate. False = Elle's ..."
"Abilities - Elle","Abilities|Elle","bElleSnapCarrierMayUseGate","Snap: A Carrier May Use A Gate VOLUNTARILY (an ENEMY gate can never move one) [v18 §2]","true","on/off","bool","UTraceSettings - Project Settings > Game > Trace Gameplay; [/Script/Trace.TraceSettings] in Config/DefaultGame.ini","May a CORE CARRIER step through a gate on purpose? *** THIS KNOB IS ONLY ABOUT THE VOLUNTARY CASE. *** A carrier being MOVED by an enemy gate is ETraceAbilityEffect::Control applied to a carrier, and UTraceAbilityComponent::CanAffectTarget already refuses that while the §4 [ASSUMPTION] stands - no knob, no exception, and nothing in Elle's file should re-implement the test. §2 is explicit: ""a Core carrier must not be ..."
"Abilities - Elle","Abilities|Elle","ElleSnapCooldownSeconds","Snap Cooldown (s) [v18 §2: 35]","35","s","float","UTraceSettings - Project Settings > Game > Trace Gameplay; [/Script/Trace.TraceSettings] in Config/DefaultGame.ini","§2: ""35 s cooldown"". The card prints this too - Trace.VerifyCharacterData compares the pair. [allowed range: 0.0 to 180.0]"
"Abilities - Elle","Abilities|Elle","ElleSnapMinimumMouthSeparationUU","Snap: Minimum Distance Between The Two Mouths (uu, 0 = allow both on one spot)","260","uu","float","UTraceSettings - Project Settings > Game > Trace Gameplay; [/Script/Trace.TraceSettings] in Config/DefaultGame.ini","DEMO 17 item 1. How far the SECOND mouth must be from the first, in uu, before Snap will accept it. Below this the reactivation is refused, is charged NOTHING, and the 4 s window keeps running so she can step away and finish the cast. *** THIS IS HALF OF ""IT DOESN'T WORK AT ALL"", AND IT IS THE HALF A PLAYER CAUSES THEMSELVES. *** A player whose first press seems to do nothing presses again immediately, standing ... [allowed range: 0.0 to 2000.0]"
"Abilities - Slimeball","Abilities|Slimeball","SlimeballWallStickMaxSurfaceNormalZ","Wall Stick: max |normal.Z| (0.70 = the walkable limit)","0.7","cos, -1 to 1","float","UTraceSettings - Project Settings > Game > Trace Gameplay; [/Script/Trace.TraceSettings] in Config/DefaultGame.ini","THE WALL TEST for the stick: largest |Normal.Z| a surface may have and still be a wall. 0.70 is cos(45 degrees), the walkable floor limit, so the rule reads exactly ""if he cannot stand on it, he can stick to it"". That is the same value and the same argument as MaceSpikeMaxSurfaceNormalZ - and it is a SEPARATE knob for the same reason that one is separate from WallJumpMaxNormalZ (0.40): the wall jump's threshold is a ... [allowed range: 0.0 to 1.0]"
"Abilities - Slimeball","Abilities|Slimeball","SlimeballWallStickRangeUU","Wall Stick: Reach (uu)","90","uu","float","UTraceSettings - Project Settings > Game > Trace Gameplay; [/Script/Trace.TraceSettings] in Config/DefaultGame.ini","How close to a wall he must be for hold-V to grab it. The capsule's own radius is 34 uu. [allowed range: 10.0 to 500.0]"
"Abilities - Slimeball","Abilities|Slimeball","SlimeballWallStickSlideSpeed","Wall Stick: Slide Speed (uu/s, 0 = fully stuck)","0","uu/s","float","UTraceSettings - Project Settings > Game > Trace Gameplay; [/Script/Trace.TraceSettings] in Config/DefaultGame.ini","How fast he creeps down the wall while stuck. 0 = welded in place, which is what ""sticks to walls"" says; a small positive value is the classic slide if being motionless proves too safe. [allowed range: 0.0 to 2000.0]"
"Abilities - Slimeball","Abilities|Slimeball","SlimeballWallStickMaxSeconds","Wall Stick: Max Duration (s, 0 = while held; UNSPECIFIED in §2)","0","s","float","UTraceSettings - Project Settings > Game > Trace Gameplay; [/Script/Trace.TraceSettings] in Config/DefaultGame.ini","Hard cap on one stick. §2 gives none, so the shipped value is 0 = as long as V is held. A knob rather than a literal for the same reason MaceSuspendCooldownSeconds is one: ""he can hang on a wall indefinitely, firing 30% faster and taking 30% less"" is exactly the kind of thing a playtest reverses, and reversing it should be a number rather than a pass. [allowed range: 0.0 to 60.0]"
"Abilities - Slimeball","Abilities|Slimeball","SlimeballWallStickCooldownSeconds","Wall Stick: Cooldown (s, 0 = none; UNSPECIFIED in §2)","0","s","float","UTraceSettings - Project Settings > Game > Trace Gameplay; [/Script/Trace.TraceSettings] in Config/DefaultGame.ini","Cooldown between sticks. §2 gives none; 0 ships, exactly as Mace's suspend does. [allowed range: 0.0 to 60.0]"
"Abilities - Slimeball","Abilities|Slimeball","SlimeballWallJumpRestickLockoutSeconds","Wall Stick: Re-Grab Lockout After A Wall Jump (s) [Demo 17]","0.35","s","float","UTraceSettings - Project Settings > Game > Trace Gameplay; [/Script/Trace.TraceSettings] in Config/DefaultGame.ini","DEMO 17 item 2, verbatim: ""Slimeball should be able to cancel the wall stick with jump, and perform a wall jump off the wall."" How long after that jump he may NOT grab the same wall again, in seconds. Nothing to do with the ordinary stick cooldown above: this exists only so that a player who is still HOLDING V - which everyone is, because the stick is a hold - does not have the 20 Hz re-stick sweep glue him straight ... [allowed range: 0.0 to 3.0]"
"Abilities - Slimeball","Abilities|Slimeball","bSlimeballWallStickJumpLaunches","Wall Stick: Jump Performs A WALL JUMP (off = jump only lets go) [Demo 17]","true","on/off","bool","UTraceSettings - Project Settings > Game > Trace Gameplay; [/Script/Trace.TraceSettings] in Config/DefaultGame.ini","DEMO 17 item 2. Whether the jump that cancels the stick launches him off the wall at all. True (shipped) = jump is a real wall jump: he leaves along the surface normal with the shipped wall-jump numbers. False = jump merely lets go and he falls, which is the smaller reading of the same sentence and one tick box away."
"Abilities - Slimeball","Abilities|Slimeball","SlimeballStuckFireRateBonus","Stuck: Fire Rate Bonus (fraction; DIVIDES Fire Interval) [v18 §2: 0.30]","0.3","fraction","float","UTraceSettings - Project Settings > Game > Trace Gameplay; [/Script/Trace.TraceSettings] in Config/DefaultGame.ini","§2: ""+30% fire rate"" WHILE STUCK ONLY. A RATE bonus over a PERIOD knob, like Roxie's: FireInterval is divided by (1 + this), so 0.3158 s becomes 0.2429 s - 190 RPM becomes 247. Multiplying instead would slow him down while claiming to speed him up. RELATIVE BY CONSTRUCTION (spec v24 §0), exactly like RoxieModdedFireRateMultiplier: it is a FRACTION of the base, never an interval or an RPM, so the 150 -> 190 pass ... [allowed range: 0.0 to 3.0]"
"Abilities - Slimeball","Abilities|Slimeball","SlimeballStuckDamageReduction","Stuck: Damage Reduction (fraction, body + FRONT stabs only) [v18 §2: 0.30]","0.3","fraction","float","UTraceSettings - Project Settings > Game > Trace Gameplay; [/Script/Trace.TraceSettings] in Config/DefaultGame.ini","§2: ""30% damage reduction on body shots and front knife stabs"" while stuck. [ASSUMPTION] HEADSHOTS AND BACKSTABS ARE UNREDUCED, because the doc names body shots and front stabs specifically - the same reading, and the same shape of implementation, as Chut's Chud (ChudDamageReduction, applied in ModifyIncomingDamage off FTraceAbilityDamageContext's bHeadshot / bMelee). Copy Chud rather than inventing a second way to ... [allowed range: 0.0 to 1.0]"
"Abilities - Slimeball","Abilities|Slimeball","SlimewallHeightUU","Slimewall HEIGHT (uu, vertical) [v18 §2: 176 = one player height]","176","uu","float","UTraceSettings - Project Settings > Game > Trace Gameplay; [/Script/Trace.TraceSettings] in Config/DefaultGame.ini","SLIMEWALL, DIMENSION 1 of 3 - HEIGHT, straight up from the floor. §2: ""one player height tall"". A Trace pawn is a 34 x 88 capsule, so one player height is 176 uu, and that is the value here. §2 also says, of all three dimensions, ""(for now, make this changeable)"" - which is why there are three knobs rather than one hardcoded box. *** THE AXIS EACH KNOB MEANS IS AN [ASSUMPTION], and it is the one to check first if ... [allowed range: 20.0 to 3000.0]"
"Abilities - Slimeball","Abilities|Slimeball","SlimewallWidthUU","Slimewall WIDTH (uu, thickness along aim - what enemies walk through) [v18 §2: 176]","176","uu","float","UTraceSettings - Project Settings > Game > Trace Gameplay; [/Script/Trace.TraceSettings] in Config/DefaultGame.ini","SLIMEWALL, DIMENSION 2 of 3 - WIDTH, the THICKNESS along his aim direction. This is how far an enemy travels while inside the wall, so it is the knob that decides whether the 35% slow is felt at all. 176 uu is the doc's ""and wide"", read as one player height. [allowed range: 10.0 to 2000.0]"
"Abilities - Slimeball","Abilities|Slimeball","SlimewallLengthUU","Slimewall LENGTH (uu, span across aim - the part you hide behind) [v18 §2: ~1 cover block]","1100","uu","float","UTraceSettings - Project Settings > Game > Trace Gameplay; [/Script/Trace.TraceSettings] in Config/DefaultGame.ini","SLIMEWALL, DIMENSION 3 of 3 - LENGTH, the SPAN across his aim direction. §2: ""about the length of a standard in-game box"". The arena's one-player-height cover blocks are 1100 x 1100 (TraceArenaConstants::ApproachCover, entry D - the low diamond), so 1100 is what ""a standard in-game box"" measures on this map. It is a little over six player widths of cover. [allowed range: 50.0 to 5000.0]"
"Abilities - Slimeball","Abilities|Slimeball","SlimewallRangeUU","Slimewall: Placement Distance (uu)","400","uu","float","UTraceSettings - Project Settings > Game > Trace Gameplay; [/Script/Trace.TraceSettings] in Config/DefaultGame.ini","How far in front of him the wall goes up. Far enough to not be inside his own capsule. [allowed range: 0.0 to 5000.0]"
"Abilities - Slimeball","Abilities|Slimeball","SlimewallSlowFraction","Slimewall: Slow (fraction) [v18 §2: 0.35. CONTROL - see the §4 assumption]","0.35","fraction","float","UTraceSettings - Project Settings > Game > Trace Gameplay; [/Script/Trace.TraceSettings] in Config/DefaultGame.ini","§2: ""moving through it slows enemies by 35%"". A CONTROL effect - so it goes through UTraceAbilityComponent::CanAffectTarget and does NOT apply to a Core carrier while the §4 [ASSUMPTION] stands, exactly like Oyster's poison slow. 0 leaves a wall that only blocks sight, which is the RED arm for any ""does it slow"" verification. [allowed range: 0.0 to 0.95]"
"Abilities - Slimeball","Abilities|Slimeball","SlimewallSlowLingerSeconds","Slimewall: Slow Lingers For (s, after leaving) [v18 §2 ASSUMPTION]","0.75","s","float","UTraceSettings - Project Settings > Game > Trace Gameplay; [/Script/Trace.TraceSettings] in Config/DefaultGame.ini","[ASSUMPTION] how long the slow lasts after leaving the slab. §2 does not say. IT CANNOT SENSIBLY BE ZERO. At 176 uu thick and 800 uu/s walk speed an enemy is inside the wall for 0.22 s; a slow that ended on the far side would be a rounding error nobody could feel, and the ability would read as broken rather than as weak. 0.75 s is long enough that walking through is a decision. [allowed range: 0.0 to 10.0]"
"Abilities - Slimeball","Abilities|Slimeball","SlimewallDurationSeconds","Slimewall Duration (s) [v18 §2: 4]","4","s","float","UTraceSettings - Project Settings > Game > Trace Gameplay; [/Script/Trace.TraceSettings] in Config/DefaultGame.ini","§2: ""lasts 4 s"". [allowed range: 0.25 to 60.0]"
"Abilities - Slimeball","Abilities|Slimeball","SlimewallOpacity","Slimewall Opacity (LOOK ONLY - it never blocks bullets) [v18 §2]","0.9","0-1","float","UTraceSettings - Project Settings > Game > Trace Gameplay; [/Script/Trace.TraceSettings] in Config/DefaultGame.ini","How solid the wall LOOKS. §2: it ""obstructs vision"". *** THIS IS APPEARANCE ONLY AND IT MUST STAY THAT WAY. *** §2 is explicit that the wall ""can be shot through"", so it must have no blocking collision on the weapon/trace channels - a wall that ate bullets would silently break every hitscan crossing it, including shots that never meant to involve Slimeball. Opacity is what makes it a sight blocker; collision is what ... [allowed range: 0.0 to 1.0]"
"Abilities - Slimeball","Abilities|Slimeball","bSlimewallSlowsOwnTeam","Slimewall Slows His Own Team Too [v18 §2 ASSUMPTION: false]","false","on/off","bool","UTraceSettings - Project Settings > Game > Trace Gameplay; [/Script/Trace.TraceSettings] in Config/DefaultGame.ini","§2 [ASSUMPTION]: it does not slow Slimeball or his own team. On makes it a hazard for everyone."
"Abilities - Slimeball","Abilities|Slimeball","SlimewallCooldownSeconds","Slimewall Cooldown (s) [v18 §2: 25]","25","s","float","UTraceSettings - Project Settings > Game > Trace Gameplay; [/Script/Trace.TraceSettings] in Config/DefaultGame.ini","§2: ""25 s cooldown"". The card prints this too - Trace.VerifyCharacterData compares the pair. [allowed range: 0.0 to 180.0]"
"Abilities - Mortimer","Abilities|Mortimer","MortimerDashDistanceScale","Dash Reach Scale (0.40 = 60% shorter) [Demo 20 item 2]","0.4","x (multiplier)","float","UTraceSettings - Project Settings > Game > Trace Gameplay; [/Script/Trace.TraceSettings] in Config/DefaultGame.ini","MULTIPLIER ON DASH REACH. *** DEMO 20 ITEM 2, VERBATIM: ""Change mortimer's dash to be 40% of a normal one instead of 25%"". *** 0.25 -> 0.40. §3's original sentence was ""his dash is 75% shorter""; the owner has revised that to 60% shorter, and this is the whole of that half of the item. IT SCALES THE DASH'S SPEED, NOT ITS DURATION, and that is a decision worth stating. Reach is DashSpeed x DashDuration (3300 x 0.18 = ... [allowed range: 0.05 to 2.0]"
"Abilities - Mortimer","Abilities|Mortimer","MortimerDashCooldownScale","Dash Cooldown Scale (1.25 = 25% longer than everybody) [Demo 20 item 2]","1.25","x (multiplier)","float","UTraceSettings - Project Settings > Game > Trace Gameplay; [/Script/Trace.TraceSettings] in Config/DefaultGame.ini","MULTIPLIER ON HIS DASH COOLDOWN. Everybody else's is UTraceSettings::DashCooldown (3.5 s). *** DEMO 20 ITEM 2, VERBATIM: ""but increase mortimer's dash cooldown by 25%"". *** 1.25, i.e. 3.5 s -> 4.375 s for him and 3.5 s for the other nine. Written as a MULTIPLIER and not as the number 4.375 for the same reason LilyExtraDashCharges is an addend: a retune of the shared DashCooldown must carry him with it instead of ... [allowed range: 0.25 to 4.0]"
"Abilities - Mortimer","Abilities|Mortimer","MortimerThrowChargeHoldScale","Core Throw: Charge Hold Scale (2 = may hold twice as long) [v19 §3]","2","x (multiplier)","float","UTraceSettings - Project Settings > Game > Trace Gameplay; [/Script/Trace.TraceSettings] in Config/DefaultGame.ini","HOW MANY TIMES LONGER HE MAY USEFULLY HOLD A CORE THROW. §3: ""up to 2x as long as anyone else"". It multiplies the CAP on t = HeldSeconds / CoreThrowChargeSeconds, and nothing else. With the shared charge at 0.6 s (v18 §0) his ceiling is 1.2 s, and the shipped line Power = CoreThrowChargeFloorFraction + (1 - Floor) x t is extrapolated to t = 2 rather than given a multiplier of its own - ""ON THE SAME LINEAR SCALE"" is ... [allowed range: 1.0 to 6.0]"
"Abilities - Mortimer","Abilities|Mortimer","MortimerThrowChargePastFullScale","Core Throw: Past-100% Charge Scale (0.6 = extra charge counts 60%) [Demo 21 item 7]","0.6","x (multiplier)","float","UTraceSettings - Project Settings > Game > Trace Gameplay; [/Script/Trace.TraceSettings] in Config/DefaultGame.ini","*** DEMO 21 ITEM 7, VERBATIM: ""after the original 100% charge window has passed, add a .6x modifier to the linear scaling of his throw charge"". *** WHAT IT MULTIPLIES, PRECISELY: the charge t accumulated PAST the original 100% point, and nothing before it. Up to t = 1 Mortimer is byte-identical to the other nine - this knob cannot touch that half of the line, because the term it scales is zero there. EffectiveT = ... [allowed range: 0.0 to 1.0]"
"Abilities - Mortimer","Abilities|Mortimer","bMortimerCanMantle","Mantle Enabled (MORTIMER ONLY - nobody else can ever mantle) [v19 §3 / Demo 21 item 6]","true","on/off","bool","UTraceSettings - Project Settings > Game > Trace Gameplay; [/Script/Trace.TraceSettings] in Config/DefaultGame.ini","*** THE MANTLE GATE, AND IT IS OFF FOR EVERY OTHER CHARACTER BY CONSTRUCTION. *** The mantle was added in `dffea7c` and deleted in `d2319b2`; the deletion commit MEASURES why (shipped 5/5 ledge contacts at 0.00 corrections and 0.00 uu worst error, against the legacy mantle's 1.00 corrections per contact and 88.11 uu). Spec v19 §3 asks for it back for Mortimer alone, so this is a per-character switch and not a global ..."
"Abilities - Mortimer","Abilities|Mortimer","MortimerMantleGenerosity","Mantle Generosity (1.30 = 30% more generous than the old one) [v19 §3]","1.3","","float","UTraceSettings - Project Settings > Game > Trace Gameplay; [/Script/Trace.TraceSettings] in Config/DefaultGame.ini","HOW MUCH MORE GENEROUS HIS MANTLE IS THAN THE OLD IN-GAME ONE. §3: ""30% more generous"". Applied to the three numbers that decide whether a ledge is climbable at all: reach x this (MortimerMantleReachRadii, below) height ceiling x this (MortimerMantleApexReach, below) floor / this (a LOWER floor is more generous) facing cone x this (a WIDER cone is more generous) The pull-up's own feel - how high he arrives, how hard ... [allowed range: 1.0 to 3.0]"
"Abilities - Mortimer","Abilities|Mortimer","MortimerMantleReachRadii","Mantle Reach (CAPSULE RADII, before generosity) [Demo 21 item 6]","2.8","uu","float","UTraceSettings - Project Settings > Game > Trace Gameplay; [/Script/Trace.TraceSettings] in Config/DefaultGame.ini","HOW FAR AHEAD HE REACHES FOR A LEDGE FACE, IN CAPSULE RADII, BEFORE GENEROSITY. *** A MULTIPLE OF THE CAPSULE, NOT A NUMBER OF uu (spec v24 §0). *** The legacy mantle stored `MantleReachUU = 70` and traced `CapsuleRadius + 70`, which meant a capsule retune silently changed how far past his own shoulder Mortimer could grab. Reach is a fact about how far in front of the BODY the hands are, so it is expressed against ... [allowed range: 1.0 to 8.0]"
"Abilities - Mortimer","Abilities|Mortimer","MortimerMantleApexReach","Mantle Ceiling (JUMP APEXES, before generosity) [Demo 21 item 6]","1.23","uu","float","UTraceSettings - Project Settings > Game > Trace Gameplay; [/Script/Trace.TraceSettings] in Config/DefaultGame.ini","THE TALLEST LEDGE HE MAY MANTLE, AS A MULTIPLE OF HIS OWN JUMP APEX, BEFORE GENEROSITY. *** A MULTIPLE OF THE JUMP, NOT A NUMBER OF uu (spec v24 §0), AND THIS IS THE ONE THAT MATTERS MOST. *** The mantle's whole meaning is ""a ledge he could not otherwise get onto"", so the thing it modifies is the JUMP, and the jump is JumpZVelocity under the pawn's own gravity: apex = JumpZVelocity^2 / (2 x |GravityZ|) ceiling = ... [allowed range: 0.5 to 4.0]"
"Abilities - Mortimer","Abilities|Mortimer","MortimerMantleCooldownSeconds","Mantle Cooldown (s) [Demo 21 item 6]","0.35","s","float","UTraceSettings - Project Settings > Game > Trace Gameplay; [/Script/Trace.TraceSettings] in Config/DefaultGame.ini","SECONDS BEFORE HE MAY MANTLE AGAIN. 0.35, the legacy MantleCooldownSeconds. NOT SCALED BY GENEROSITY - see that knob. It is a rate limit, not a window: it exists so a held jump key cannot re-fire the probe every frame, and so the ""ladder to the sky"" the legacy mantle measured (289 mantles in 25 s, a bot team carried from Z=313 to Z=4097) cannot come back by a route the geometry guards missed. [allowed range: 0.0 to 5.0]"
"Abilities - Mortimer","Abilities|Mortimer","MortimerBlastRadiusUU","Quake Radius (uu) [v19 §3]","600","uu","float","UTraceSettings - Project Settings > Game > Trace Gameplay; [/Script/Trace.TraceSettings] in Config/DefaultGame.ini","QUAKE'S REACH, in uu, measured centre to centre. 600 is a little under the dash reach everybody else has (594 uu) and a lot more than Chut's bash (130 uu), which is the right shape for the two abilities: the bash is a contact effect on a moving player, and this is a ""get off me"" a stationary carrier pays a 20 s cooldown for. [allowed range: 50.0 to 3000.0]"
"Abilities - Mortimer","Abilities|Mortimer","MortimerBlastKnockbackSpeed","Quake Knockback Speed (uu/s) [v19 §3]","1300","uu/s","float","UTraceSettings - Project Settings > Game > Trace Gameplay; [/Script/Trace.TraceSettings] in Config/DefaultGame.ini","HOW HARD QUAKE THROWS A VICTIM, in uu/s, at the centre of the blast. Same units and the same launch shape as Chut's bash (1118 uu/s), a little stronger because it is on a 20 s cooldown and costs the carrier their whole aim for the frame. Like the bash it is an OVERRIDE and not an addition, so a sprinting enemy is thrown exactly as far as a standing one - see the LaunchCharacter call. [allowed range: 0.0 to 6000.0]"
"Abilities - Mortimer","Abilities|Mortimer","MortimerBlastUpBias","Quake Up Bias (fraction of the knockback speed)","0.35","x (multiplier)","float","UTraceSettings - Project Settings > Game > Trace Gameplay; [/Script/Trace.TraceSettings] in Config/DefaultGame.ini","Upward part of the launch, as a fraction of the speed. Same shape and reason as ChutBashUpBias. [allowed range: 0.0 to 1.5]"
"Abilities - Mortimer","Abilities|Mortimer","bMortimerBlastFallsOff","Quake Falls Off With Distance [v19 §3 ASSUMPTION: true]","true","on/off","bool","UTraceSettings - Project Settings > Game > Trace Gameplay; [/Script/Trace.TraceSettings] in Config/DefaultGame.ini","FALLS OFF WITH DISTANCE, or is flat. True (default) scales the launch linearly from full at his feet to MortimerBlastMinFalloffScale at the rim. A flat blast makes the rim a cliff - one uu decides between full knockback and none - which reads as inconsistent rather than as a radius."
"Abilities - Mortimer","Abilities|Mortimer","MortimerBlastMinFalloffScale","Quake Knockback At The Rim (fraction of centre)","0.35","x (multiplier)","float","UTraceSettings - Project Settings > Game > Trace Gameplay; [/Script/Trace.TraceSettings] in Config/DefaultGame.ini","What the launch is worth at the very rim, as a fraction of the centre value. [allowed range: 0.0 to 1.0]"
"Abilities - Mortimer","Abilities|Mortimer","bMortimerBlastNeedsLineOfSight","Quake Needs Line Of Sight [v19 §3 ASSUMPTION: true]","true","on/off","bool","UTraceSettings - Project Settings > Game > Trace Gameplay; [/Script/Trace.TraceSettings] in Config/DefaultGame.ini","REQUIRE AN UNBLOCKED LINE TO THE VICTIM. §3 says ""nearby enemies"" and says nothing about walls; true is the [ASSUMPTION], because a blast that reaches through a solid wall is the kind of thing that reads as a bug rather than as a big radius, and Mortimer is stood still on the ground when he casts it - the geometry between him and his victim is exactly the counterplay."
"Abilities - Mortimer","Abilities|Mortimer","MortimerBlastCooldownSeconds","Quake Cooldown (s) [v19 §3 ASSUMPTION: 20]","20","s","float","UTraceSettings - Project Settings > Game > Trace Gameplay; [/Script/Trace.TraceSettings] in Config/DefaultGame.ini","§3 does not give one. [ASSUMPTION] 20 s, the same as Chut's, Rocco's and Mace's - it is a defensive reset with no damage attached, so it sits at the roster's baseline rather than with the 25-35 s abilities that end fights. The card PRINTS this number too (Core/TraceCharacterRoster.cpp) and Trace.VerifyCharacterData section D fails if the two ever drift. [allowed range: 0.0 to 180.0]"
"Abilities - Mortimer","Abilities|Mortimer","MortimerQuakeWaveSeconds","Quake Shockwave Duration (s) [Demo 20 item 3]","0.9","s","float","UTraceSettings - Project Settings > Game > Trace Gameplay; [/Script/Trace.TraceSettings] in Config/DefaultGame.ini","How long the shockwave ring takes to reach MortimerBlastRadiusUU and fade out, in seconds. 0.90 rather than the ~0.35 an impact effect usually gets. The ability is on a 20 s cooldown and is a ""get off me"" the caster spends their whole aim on; it should read as an event, and a third of a second at the far end of a 600 uu radius is a frame and a half of visible ring at 60 Hz. It is also the window a screenshot has to ... [allowed range: 0.1 to 5.0]"
"Abilities - Mortimer","Abilities|Mortimer","MortimerQuakeWaveColor","Quake Shockwave Colour [Demo 20 item 3]","(R=0.450000,G=0.700000,B=1.600000,A=1.000000)","RGBA 0-1","FLinearColor","UTraceSettings - Project Settings > Game > Trace Gameplay; [/Script/Trace.TraceSettings] in Config/DefaultGame.ini","The shockwave's colour. Mortimer's card colour is slate (0.38, 0.52, 0.85); the ring is the same hue pushed past 1.0 so it clears the bloom threshold the arena's neon uses."
"Abilities - Mortimer","Abilities|Mortimer","MortimerQuakeWaveThicknessUU","Quake Shockwave Thickness (uu) [Demo 20 item 3]","22","uu","float","UTraceSettings - Project Settings > Game > Trace Gameplay; [/Script/Trace.TraceSettings] in Config/DefaultGame.ini","Thickness of the ring's beads, uu. The ring is drawn as a circle of overlapping cylinders - the same construction as Rocco's Ripple rings, for the same reason: it needs no generated content and degrades to /Engine/BasicShapes on an install that never ran Scripts/generate_content.py. [allowed range: 2.0 to 80.0]"
"Abilities - Lily","Abilities|Lily","LilyExtraDashCharges","Extra Dash Charges (ON TOP of everyone's pool) [v19 §3]","1","count","int32","UTraceSettings - Project Settings > Game > Trace Gameplay; [/Script/Trace.TraceSettings] in Config/DefaultGame.ini","EXTRA dash charges, ON TOP of everybody's pool. §3: ""an extra dash - 2 normally, 3 while carrying the Core"", against the shipped BaseDashCharges 1 + CarrierExtraDashCharges 1. AN ADDEND, NOT A TOTAL, deliberately: written as ""2"" it would stop tracking a retune of BaseDashCharges and Lily would silently stop being ""one more than everyone"". *** DEMO 19 ITEM 8 GATES IT ON NOT CARRYING. *** The knob is still 1 and still ... [allowed range: 0 to 5]"
"Abilities - Lily","Abilities|Lily","LilyMaxHealth","Max Health (ABSOLUTE, not a fraction of MaxHealth) [v19 §3: 60]","60","HP","float","UTraceSettings - Project Settings > Game > Trace Gameplay; [/Script/Trace.TraceSettings] in Config/DefaultGame.ini","HER MAX HEALTH. §3: ""she has only 60 health"", against UTraceSettings::MaxHealth's 100. AN ABSOLUTE, NOT A FRACTION, because the doc states an absolute: a ""0.6 multiplier"" would stop being 60 the moment somebody retuned MaxHealth, and 60 is the number the card prints. WHAT IT MEANS IN THE UNITS OF THE GUN: two 40-damage body shots (80) kill her outright where they leave everybody else at 20, and one 100-damage ... [allowed range: 1.0 to 1000.0]"
"Abilities - Lily","Abilities|Lily","LilyWallJumpMomentumBonus","Wall-Jump Momentum Bonus (fraction; HERS ALONE) [v19 §3: 0.30]","0.3","fraction","float","UTraceSettings - Project Settings > Game > Trace Gameplay; [/Script/Trace.TraceSettings] in Config/DefaultGame.ini","+30% ON THE WALL JUMP'S MOMENTUM. §3: ""+30% wall-jump momentum bonus (hers alone; the global wall-jump numbers must not move)"". IT SCALES THE RETENTION TERM ONLY - the part of the launch that is the speed she ARRIVED with (WallJumpSpeedRetention x WallJumpMomentumScale x WallJumpMomentumScaleV10) - and never the flat WallJumpOutwardImpulse or WallJumpVerticalMultiplier. ""Momentum"" is the carried speed; the outward ... [allowed range: 0.0 to 2.0]"
"Abilities - Lily","Abilities|Lily","LilyZipDurationSeconds","Zip Duration (s) [v19 §3: 5]","5","s","float","UTraceSettings - Project Settings > Game > Trace Gameplay; [/Script/Trace.TraceSettings] in Config/DefaultGame.ini","§3: ""for 5 s she can fly"". The full-length Zip, taken without the Core. [allowed range: 0.25 to 60.0]"
"Abilities - Lily","Abilities|Lily","LilyZipCarrierDurationScale","Zip: Core Halves It (at the cast, AND halves what is LEFT on a mid-Zip pickup) [v19 §3]","0.5","x (multiplier)","float","UTraceSettings - Project Settings > Game > Trace Gameplay; [/Script/Trace.TraceSettings] in Config/DefaultGame.ini","*** THE HALVING. ONE KNOB, TWO CLAUSES, AND THAT IS THE POINT. *** §3 says both ""with the core the duration is halved"" AND ""if she activates it and then picks up the core, the remaining duration is halved"". Those are the same 0.5 applied at two different moments - at the cast if she is already carrying, and to WHAT IS LEFT if the Core arrives mid-flight. Writing it once is what stops the second clause being ... [allowed range: 0.05 to 1.0]"
"Abilities - Lily","Abilities|Lily","LilyZipClimbSpeedScale","Zip Climb Speed (x WalkSpeed) [Demo 19 item 4: 0.5 = half a walk]","0.5","x (multiplier)","float","UTraceSettings - Project Settings > Game > Trace Gameplay; [/Script/Trace.TraceSettings] in Config/DefaultGame.ini","CLIMB RATE WHILE JUMP IS HELD, as a multiple of WalkSpeed. §3 said ""jump goes up at walking speed"" (1.0). *** DEMO 19 ITEM 4 HALVES IT: ""half the speed she moves vertically at"" *** - so 0.5, i.e. 400 uu/s against the shipped WalkSpeed of 800. STILL A MULTIPLE OF WalkSpeed AND NOT THE NUMBER 400, for the reason it was derived in the first place: the flight should follow a retune of the walk rather than drift away ... [allowed range: 0.1 to 4.0]"
"Abilities - Lily","Abilities|Lily","LilyZipDescendSpeedScale","Zip Descend Speed (x WalkSpeed) [Demo 19 item 4 ASSUMPTION: same as the climb]","0.5","x (multiplier)","float","UTraceSettings - Project Settings > Game > Trace Gameplay; [/Script/Trace.TraceSettings] in Config/DefaultGame.ini","DESCENT RATE WHILE CROUCH/SLIDE IS HELD, as a multiple of WalkSpeed. §3 says only ""slide/crouch goes down"" and gives no rate; [ASSUMPTION] the same magnitude as the climb, so the control is symmetric and a player learns one number rather than two. Demo 19 item 4 asks for ""half the speed she moves VERTICALLY at"" - vertically, not upwards - so the descent halves with the climb and the assumption is preserved rather ... [allowed range: 0.1 to 4.0]"
"Abilities - Lily","Abilities|Lily","LilyZipCooldownSeconds","Zip Cooldown (s) [v19 §3: 30]","30","s","float","UTraceSettings - Project Settings > Game > Trace Gameplay; [/Script/Trace.TraceSettings] in Config/DefaultGame.ini","§3: ""Zip (30 s)"". The card prints this too - Trace.VerifyCharacterData compares the pair. [allowed range: 0.0 to 180.0]"
"Bots and AI","Bots","bFillTeamsWithBots","Fill Teams With Bots","true","on/off","bool","UTraceSettings - Project Settings > Game > Trace Gameplay; [/Script/Trace.TraceSettings] in Config/DefaultGame.ini","Master switch: top both teams up to PlayersPerTeam with AI so one human gets a full 5v5."
"Bots and AI","Bots","BotsPerTeam","Bots Per Team (-1 = auto fill)","-1","count","int32","UTraceSettings - Project Settings > Game > Trace Gameplay; [/Script/Trace.TraceSettings] in Config/DefaultGame.ini","Bots to add per team, or -1 for ""however many it takes to reach PlayersPerTeam"". -1 is what makes the fill self-correcting when a second human joins a listen server. [allowed range: -1 to 16]"
"Bots and AI","Bots","MaxBots","Max Bots (safety cap)","16","count","int32","UTraceSettings - Project Settings > Game > Trace Gameplay; [/Script/Trace.TraceSettings] in Config/DefaultGame.ini","Hard safety cap on total bots, so a silly PlayersPerTeam cannot spawn a hundred pawns. [allowed range: 0 to 64]"
"Bots and AI","Bots","BotDifficulty","Default Bot Difficulty","Normal","","EBotDifficulty","UTraceSettings - Project Settings > Game > Trace Gameplay; [/Script/Trace.TraceSettings] in Config/DefaultGame.ini","Difficulty used when nothing else resolved one - i.e. a direct launch straight into the arena with no travel URL. This is what an unattended run, an automated test and a first-time player all get. EASY -> NORMAL THIS PASS (spec v9 §9, verbatim: ""Set default startup bot difficulty to normal""). Easy was chosen when the bots could kill an idle human in under two seconds and the curve was being retuned; the curve has ..."
"Bots and AI","Bots|Difficulty","BotEasy.ReactionTimeSeconds","Reaction Time (s)","0.7","s","float","UTraceSettings - Project Settings > Game > Trace Gameplay; [/Script/Trace.TraceSettings] in Config/DefaultGame.ini -- NOT `config`: DefaultGame.ini cannot reach this one","Seconds a bot must hold ONE target continuously before it is allowed to pull the trigger. Sane range 0.2 (Hard, near-instant) to 1.2 (Easy, visibly slow). Above ~1.5 most engagements end before the bot is ever allowed to fire and the bots read as broken rather than as easy. [allowed range: 0.0 to 5.0]"
"Bots and AI","Bots|Difficulty","BotEasy.ReactionJitterFraction","Reaction Jitter (fraction)","0.45","fraction","float","UTraceSettings - Project Settings > Game > Trace Gameplay; [/Script/Trace.TraceSettings] in Config/DefaultGame.ini -- NOT `config`: DefaultGame.ini cannot reach this one","+/- fraction of ReactionTimeSeconds rolled per acquisition, so five bots never fire as one. Sane range 0.2 to 0.5. Zero makes a squad fire in perfect unison, which reads as scripted. [allowed range: 0.0 to 0.95]"
"Bots and AI","Bots|Difficulty","BotEasy.ReacquireDelaySeconds","Reacquire Delay (s)","0.95","s","float","UTraceSettings - Project Settings > Game > Trace Gameplay; [/Script/Trace.TraceSettings] in Config/DefaultGame.ini -- NOT `config`: DefaultGame.ini cannot reach this one","Seconds a bot is blind after its target dies or leaves its engagement envelope. Without this a bot kills you and is already on your teammate in the same frame, which is what turned the opening seconds of a match into a simultaneous ten-way wipe. Sane range 0.3 to 1.4. [allowed range: 0.0 to 5.0]"
"Bots and AI","Bots|Difficulty","BotEasy.AimErrorDegrees","Aim Error Base (deg)","4.4","deg","float","UTraceSettings - Project Settings > Game > Trace Gameplay; [/Script/Trace.TraceSettings] in Config/DefaultGame.ini -- NOT `config`: DefaultGame.ini cannot reach this one","Base half-width of the aim error cone, in degrees, at point-blank range against a still target. Sane range 1.5 (Hard) to 6 (Easy). This is the SMALLEST the error ever gets; the range and cross-speed terms below are added on top and dominate at arena distances. [allowed range: 0.0 to 45.0]"
"Bots and AI","Bots|Difficulty","BotEasy.AimErrorPerThousandRange","Aim Error per 1000uu Range (deg)","2.05","deg","float","UTraceSettings - Project Settings > Game > Trace Gameplay; [/Script/Trace.TraceSettings] in Config/DefaultGame.ini -- NOT `config`: DefaultGame.ini cannot reach this one","Extra degrees of error per 1000uu of range. This is the ""bots are lasers across the map"" fix. Sane range 1.0 (Hard) to 2.5 (Easy). The dominant term at arena distances: at 4000uu it is worth four times the base error. [allowed range: 0.0 to 20.0]"
"Bots and AI","Bots|Difficulty","BotEasy.AimErrorPerThousandCrossSpeed","Aim Error per 1000uu/s Cross Speed (deg)","4","deg","float","UTraceSettings - Project Settings > Game > Trace Gameplay; [/Script/Trace.TraceSettings] in Config/DefaultGame.ini -- NOT `config`: DefaultGame.ini cannot reach this one","Extra degrees of error per 1000uu/s of the target's speed across the bot's line of sight. This is what pays a player for strafing. Sane range 1.0 (Hard) to 4.0 (Easy). [allowed range: 0.0 to 20.0]"
"Bots and AI","Bots|Difficulty","BotEasy.AimErrorMaxDegrees","Aim Error Ceiling (deg)","20","deg","float","UTraceSettings - Project Settings > Game > Trace Gameplay; [/Script/Trace.TraceSettings] in Config/DefaultGame.ini -- NOT `config`: DefaultGame.ini cannot reach this one","Hard ceiling on total aim error, so a distant sprinter does not make a bot spin in circles. Sane range 12 (Hard) to 22 (Easy). Must stay above AimErrorDegrees or the base is unreachable. [allowed range: 0.5 to 90.0]"
"Bots and AI","Bots|Difficulty","BotEasy.AimTurnRateDegrees","Aim Turn Rate (deg/s)","150","deg/s","float","UTraceSettings - Project Settings > Game > Trace Gameplay; [/Script/Trace.TraceSettings] in Config/DefaultGame.ini -- NOT `config`: DefaultGame.ini cannot reach this one","Degrees per second the bot's aim slews. A finite rate is what makes strafing counterplay. Sane range 150 (Easy) to 450 (Hard). Anything above ~700 is instant snap at arena distances. [allowed range: 10.0 to 2000.0]"
"Bots and AI","Bots|Difficulty","BotEasy.FireConeDegrees","Fire Cone (deg)","3.5","deg","float","UTraceSettings - Project Settings > Game > Trace Gameplay; [/Script/Trace.TraceSettings] in Config/DefaultGame.ini -- NOT `config`: DefaultGame.ini cannot reach this one","How close to its OWN (error-offset) aim point a bot must be before it fires. Sane range 2.5 to 4.5. This is a trigger gate, not an accuracy dial - widening it makes bots fire sooner, not more accurately. [allowed range: 0.1 to 45.0]"
"Bots and AI","Bots|Difficulty","BotEasy.HeadshotAimFraction","Headshot Aim Chance (0-1)","0","0-1","float","UTraceSettings - Project Settings > Game > Trace Gameplay; [/Script/Trace.TraceSettings] in Config/DefaultGame.ini -- NOT `config`: DefaultGame.ini cannot reach this one","Probability that a bot aims at the HEAD rather than the body when it acquires a target. Damage became positional this pass: head 100, body 40, leg 25. A head hit is an instant kill from full health, so this single number is now the biggest lever on bot lethality - bigger than reaction time and bigger than the aim error cone, both of which only change how often a bot connects, not what a connection is worth. ZERO ON ... [allowed range: 0.0 to 1.0]"
"Bots and AI","Bots|Difficulty","BotEasy.SightRange","Sight Range (uu)","6000","uu","float","UTraceSettings - Project Settings > Game > Trace Gameplay; [/Script/Trace.TraceSettings] in Config/DefaultGame.ini -- NOT `config`: DefaultGame.ini cannot reach this one","Bots are unaware of enemies beyond this, even with clear line of sight. Sane range 5000 to 8000 on the 33600 x 9600 field. Must stay above MaxEngagementRange or a bot can never legally shoot at anything. [allowed range: 100.0 to 40000.0]"
"Bots and AI","Bots|Difficulty","BotEasy.MaxEngagementRange","Max Engagement Range (uu)","4200","uu","float","UTraceSettings - Project Settings > Game > Trace Gameplay; [/Script/Trace.TraceSettings] in Config/DefaultGame.ini -- NOT `config`: DefaultGame.ini cannot reach this one","Hard cap on the range a bot will SHOOT at. Deliberately far below SightRange: a bot that knows you exist but will not open up across the arena is what gives a player room to move. Sane range 4000 (Easy) to 6000 (Hard). Below ~3000 on this field size the bots read as ignoring the player entirely - that was measured. [allowed range: 100.0 to 40000.0]"
"Bots and AI","Bots|Difficulty","BotEasy.PreferredCombatRange","Preferred Combat Range (uu)","1900","uu","float","UTraceSettings - Project Settings > Game > Trace Gameplay; [/Script/Trace.TraceSettings] in Config/DefaultGame.ini -- NOT `config`: DefaultGame.ini cannot reach this one","Range a bot tries to hold while duelling. Longer = its aim error costs it more. Sane range 1400 to 2000. Should sit well inside MaxEngagementRange. [allowed range: 100.0 to 20000.0]"
"Bots and AI","Bots|Difficulty","BotEasy.BurstDurationMin","Burst Duration Min (s)","0.2","s","float","UTraceSettings - Project Settings > Game > Trace Gameplay; [/Script/Trace.TraceSettings] in Config/DefaultGame.ini -- NOT `config`: DefaultGame.ini cannot reach this one","Seconds of continuous fire before the bot lets go of the trigger. Sane range 0.2 to 0.45. [allowed range: 0.02 to 5.0]"
"Bots and AI","Bots|Difficulty","BotEasy.BurstDurationMax","Burst Duration Max (s)","0.36","s","float","UTraceSettings - Project Settings > Game > Trace Gameplay; [/Script/Trace.TraceSettings] in Config/DefaultGame.ini -- NOT `config`: DefaultGame.ini cannot reach this one","Upper end of the rolled burst length. Keep at or above BurstDurationMin. [allowed range: 0.02 to 5.0]"
"Bots and AI","Bots|Difficulty","BotEasy.BurstRestMin","Burst Rest Min (s)","0.6","s","float","UTraceSettings - Project Settings > Game > Trace Gameplay; [/Script/Trace.TraceSettings] in Config/DefaultGame.ini -- NOT `config`: DefaultGame.ini cannot reach this one","Seconds the trigger stays released after a burst, whatever the bot can see. Burst / (burst + rest) is the duty cycle, and the duty cycle is the real DPS dial: ~28% on Easy, ~38% on Normal, ~58% on Hard. Sane range 0.3 to 1.0. [allowed range: 0.0 to 5.0]"
"Bots and AI","Bots|Difficulty","BotEasy.BurstRestMax","Burst Rest Max (s)","0.97","s","float","UTraceSettings - Project Settings > Game > Trace Gameplay; [/Script/Trace.TraceSettings] in Config/DefaultGame.ini -- NOT `config`: DefaultGame.ini cannot reach this one","Upper end of the rolled rest. Keep at or above BurstRestMin. [allowed range: 0.0 to 5.0]"
"Bots and AI","Bots|Difficulty","BotEasy.DecisionInterval","Decision Interval (s)","0.3","s","float","UTraceSettings - Project Settings > Game > Trace Gameplay; [/Script/Trace.TraceSettings] in Config/DefaultGame.ini -- NOT `config`: DefaultGame.ini cannot reach this one","Seconds between bot state re-evaluations. Steering and aim still run every frame. Sane range 0.15 (Hard) to 0.32 (Easy). This is a cost dial as much as a skill one - ten bots at 0.05 is a measurable frame cost for no visible gain. [allowed range: 0.02 to 2.0]"
"Bots and AI","Bots|Difficulty","BotEasy.Aggression","Aggression (0-1)","0.45","0-1","float","UTraceSettings - Project Settings > Game > Trace Gameplay; [/Script/Trace.TraceSettings] in Config/DefaultGame.ini -- NOT `config`: DefaultGame.ini cannot reach this one","0..1. How eagerly a bot spends its dash - to escape while carrying, or to commit at a trail. [allowed range: 0.0 to 1.0]"
"Bots and AI","Bots|Difficulty","BotEasy.InterceptorCount","Interceptors (trace hunters)","3","count","int32","UTraceSettings - Project Settings > Game > Trace Gameplay; [/Script/Trace.TraceSettings] in Config/DefaultGame.ini -- NOT `config`: DefaultGame.ini cannot reach this one","How many of the carrier's opponents peel off to hunt the trail. NOT scaled down on Easy. The trail-dash kill is the identity of the game; if it only shows up on Hard then most players never see the mechanic the whole design is built around. Easy is made easy by the shooting model above, not by hiding the signature play. InterceptorCount + PunisherCount must fit inside a five-man side, or the punisher slots never get ... [allowed range: 0 to 5]"
"Bots and AI","Bots|Difficulty","BotEasy.TrailDashCommitChance","Trail Dash Commit Chance (0-1)","0.6","0-1","float","UTraceSettings - Project Settings > Game > Trace Gameplay; [/Script/Trace.TraceSettings] in Config/DefaultGame.ini -- NOT `config`: DefaultGame.ini cannot reach this one","Per-decision probability that an interceptor in range actually commits its dash at the trail. [allowed range: 0.0 to 1.0]"
"Bots and AI","Bots|Difficulty","BotEasy.PassChance","Pass Chance (0-1)","0.6","0-1","float","UTraceSettings - Project Settings > Game > Trace Gameplay; [/Script/Trace.TraceSettings] in Config/DefaultGame.ini -- NOT `config`: DefaultGame.ini cannot reach this one","Probability a carrying bot passes on an evaluation tick that found a legal receiver. [allowed range: 0.0 to 1.0]"
"Bots and AI","Bots|Difficulty","BotEasy.PunisherCount","Punishers (pass hunters)","1","count","int32","UTraceSettings - Project Settings > Game > Trace Gameplay; [/Script/Trace.TraceSettings] in Config/DefaultGame.ini -- NOT `config`: DefaultGame.ini cannot reach this one","How many of the carrier's opponents hold a bead on them instead of hunting their trace. These are the bots that punish a pass. Bullets do nothing to a shielded carrier, so a punisher spends most of its time apparently wasting shots - but the pass drops the shield for half a second, and a gun already pointed at the carrier converts that half second into a kill and a turnover. Without anyone in this role, passing is ... [allowed range: 0 to 5]"
"Bots and AI","Bots|Difficulty","BotEasy.PassCaution","Pass Caution (0-1)","0.25","0-1","float","UTraceSettings - Project Settings > Game > Trace Gameplay; [/Script/Trace.TraceSettings] in Config/DefaultGame.ini -- NOT `config`: DefaultGame.ini cannot reach this one","0..1. How careful a carrying bot is about WHEN it starts a pass. Scales the number of covering enemies tolerated inside UTraceSettings::BotPunishRange (which ATraceBotController::CountEnemiesCoveringMe uses as its radius). At 0 a bot passes whenever it has a receiver, drops its shield in front of a firing line and dies for it; at 1 it waits for a genuinely clean window. Low on Easy on purpose. A reckless pass is a ... [allowed range: 0.0 to 1.0]"
"Bots and AI","Bots|Difficulty","BotEasy.MovementTechChance","Movement Tech Chance (0-1)","0.5","0-1","float","UTraceSettings - Project Settings > Game > Trace Gameplay; [/Script/Trace.TraceSettings] in Config/DefaultGame.ini -- NOT `config`: DefaultGame.ini cannot reach this one","0..1. How much of the movement kit (slide, crouch fast-fall) this bot uses. Not a skill dial so much as a legibility one: nine bots all sliding at once is noise, and the point of the kit is that it reads as intent. Kept well above zero even on Easy, because a mechanic no bot performs is a mechanic that has never been tested. [allowed range: 0.0 to 1.0]"
"Bots and AI","Bots|Difficulty","BotNormal.ReactionTimeSeconds","Reaction Time (s)","0.52","s","float","UTraceSettings - Project Settings > Game > Trace Gameplay; [/Script/Trace.TraceSettings] in Config/DefaultGame.ini -- NOT `config`: DefaultGame.ini cannot reach this one","Seconds a bot must hold ONE target continuously before it is allowed to pull the trigger. Sane range 0.2 (Hard, near-instant) to 1.2 (Easy, visibly slow). Above ~1.5 most engagements end before the bot is ever allowed to fire and the bots read as broken rather than as easy. [allowed range: 0.0 to 5.0]"
"Bots and AI","Bots|Difficulty","BotNormal.ReactionJitterFraction","Reaction Jitter (fraction)","0.35","fraction","float","UTraceSettings - Project Settings > Game > Trace Gameplay; [/Script/Trace.TraceSettings] in Config/DefaultGame.ini -- NOT `config`: DefaultGame.ini cannot reach this one","+/- fraction of ReactionTimeSeconds rolled per acquisition, so five bots never fire as one. Sane range 0.2 to 0.5. Zero makes a squad fire in perfect unison, which reads as scripted. [allowed range: 0.0 to 0.95]"
"Bots and AI","Bots|Difficulty","BotNormal.ReacquireDelaySeconds","Reacquire Delay (s)","0.7","s","float","UTraceSettings - Project Settings > Game > Trace Gameplay; [/Script/Trace.TraceSettings] in Config/DefaultGame.ini -- NOT `config`: DefaultGame.ini cannot reach this one","Seconds a bot is blind after its target dies or leaves its engagement envelope. Without this a bot kills you and is already on your teammate in the same frame, which is what turned the opening seconds of a match into a simultaneous ten-way wipe. Sane range 0.3 to 1.4. [allowed range: 0.0 to 5.0]"
"Bots and AI","Bots|Difficulty","BotNormal.AimErrorDegrees","Aim Error Base (deg)","2.8","deg","float","UTraceSettings - Project Settings > Game > Trace Gameplay; [/Script/Trace.TraceSettings] in Config/DefaultGame.ini -- NOT `config`: DefaultGame.ini cannot reach this one","Base half-width of the aim error cone, in degrees, at point-blank range against a still target. Sane range 1.5 (Hard) to 6 (Easy). This is the SMALLEST the error ever gets; the range and cross-speed terms below are added on top and dominate at arena distances. [allowed range: 0.0 to 45.0]"
"Bots and AI","Bots|Difficulty","BotNormal.AimErrorPerThousandRange","Aim Error per 1000uu Range (deg)","1.3","deg","float","UTraceSettings - Project Settings > Game > Trace Gameplay; [/Script/Trace.TraceSettings] in Config/DefaultGame.ini -- NOT `config`: DefaultGame.ini cannot reach this one","Extra degrees of error per 1000uu of range. This is the ""bots are lasers across the map"" fix. Sane range 1.0 (Hard) to 2.5 (Easy). The dominant term at arena distances: at 4000uu it is worth four times the base error. [allowed range: 0.0 to 20.0]"
"Bots and AI","Bots|Difficulty","BotNormal.AimErrorPerThousandCrossSpeed","Aim Error per 1000uu/s Cross Speed (deg)","2.2","deg","float","UTraceSettings - Project Settings > Game > Trace Gameplay; [/Script/Trace.TraceSettings] in Config/DefaultGame.ini -- NOT `config`: DefaultGame.ini cannot reach this one","Extra degrees of error per 1000uu/s of the target's speed across the bot's line of sight. This is what pays a player for strafing. Sane range 1.0 (Hard) to 4.0 (Easy). [allowed range: 0.0 to 20.0]"
"Bots and AI","Bots|Difficulty","BotNormal.AimErrorMaxDegrees","Aim Error Ceiling (deg)","18","deg","float","UTraceSettings - Project Settings > Game > Trace Gameplay; [/Script/Trace.TraceSettings] in Config/DefaultGame.ini -- NOT `config`: DefaultGame.ini cannot reach this one","Hard ceiling on total aim error, so a distant sprinter does not make a bot spin in circles. Sane range 12 (Hard) to 22 (Easy). Must stay above AimErrorDegrees or the base is unreachable. [allowed range: 0.5 to 90.0]"
"Bots and AI","Bots|Difficulty","BotNormal.AimTurnRateDegrees","Aim Turn Rate (deg/s)","250","deg/s","float","UTraceSettings - Project Settings > Game > Trace Gameplay; [/Script/Trace.TraceSettings] in Config/DefaultGame.ini -- NOT `config`: DefaultGame.ini cannot reach this one","Degrees per second the bot's aim slews. A finite rate is what makes strafing counterplay. Sane range 150 (Easy) to 450 (Hard). Anything above ~700 is instant snap at arena distances. [allowed range: 10.0 to 2000.0]"
"Bots and AI","Bots|Difficulty","BotNormal.FireConeDegrees","Fire Cone (deg)","3.5","deg","float","UTraceSettings - Project Settings > Game > Trace Gameplay; [/Script/Trace.TraceSettings] in Config/DefaultGame.ini -- NOT `config`: DefaultGame.ini cannot reach this one","How close to its OWN (error-offset) aim point a bot must be before it fires. Sane range 2.5 to 4.5. This is a trigger gate, not an accuracy dial - widening it makes bots fire sooner, not more accurately. [allowed range: 0.1 to 45.0]"
"Bots and AI","Bots|Difficulty","BotNormal.HeadshotAimFraction","Headshot Aim Chance (0-1)","0.3","0-1","float","UTraceSettings - Project Settings > Game > Trace Gameplay; [/Script/Trace.TraceSettings] in Config/DefaultGame.ini -- NOT `config`: DefaultGame.ini cannot reach this one","Probability that a bot aims at the HEAD rather than the body when it acquires a target. Damage became positional this pass: head 100, body 40, leg 25. A head hit is an instant kill from full health, so this single number is now the biggest lever on bot lethality - bigger than reaction time and bigger than the aim error cone, both of which only change how often a bot connects, not what a connection is worth. ZERO ON ... [allowed range: 0.0 to 1.0]"
"Bots and AI","Bots|Difficulty","BotNormal.SightRange","Sight Range (uu)","6500","uu","float","UTraceSettings - Project Settings > Game > Trace Gameplay; [/Script/Trace.TraceSettings] in Config/DefaultGame.ini -- NOT `config`: DefaultGame.ini cannot reach this one","Bots are unaware of enemies beyond this, even with clear line of sight. Sane range 5000 to 8000 on the 33600 x 9600 field. Must stay above MaxEngagementRange or a bot can never legally shoot at anything. [allowed range: 100.0 to 40000.0]"
"Bots and AI","Bots|Difficulty","BotNormal.MaxEngagementRange","Max Engagement Range (uu)","4800","uu","float","UTraceSettings - Project Settings > Game > Trace Gameplay; [/Script/Trace.TraceSettings] in Config/DefaultGame.ini -- NOT `config`: DefaultGame.ini cannot reach this one","Hard cap on the range a bot will SHOOT at. Deliberately far below SightRange: a bot that knows you exist but will not open up across the arena is what gives a player room to move. Sane range 4000 (Easy) to 6000 (Hard). Below ~3000 on this field size the bots read as ignoring the player entirely - that was measured. [allowed range: 100.0 to 40000.0]"
"Bots and AI","Bots|Difficulty","BotNormal.PreferredCombatRange","Preferred Combat Range (uu)","1700","uu","float","UTraceSettings - Project Settings > Game > Trace Gameplay; [/Script/Trace.TraceSettings] in Config/DefaultGame.ini -- NOT `config`: DefaultGame.ini cannot reach this one","Range a bot tries to hold while duelling. Longer = its aim error costs it more. Sane range 1400 to 2000. Should sit well inside MaxEngagementRange. [allowed range: 100.0 to 20000.0]"
"Bots and AI","Bots|Difficulty","BotNormal.BurstDurationMin","Burst Duration Min (s)","0.26","s","float","UTraceSettings - Project Settings > Game > Trace Gameplay; [/Script/Trace.TraceSettings] in Config/DefaultGame.ini -- NOT `config`: DefaultGame.ini cannot reach this one","Seconds of continuous fire before the bot lets go of the trigger. Sane range 0.2 to 0.45. [allowed range: 0.02 to 5.0]"
"Bots and AI","Bots|Difficulty","BotNormal.BurstDurationMax","Burst Duration Max (s)","0.5","s","float","UTraceSettings - Project Settings > Game > Trace Gameplay; [/Script/Trace.TraceSettings] in Config/DefaultGame.ini -- NOT `config`: DefaultGame.ini cannot reach this one","Upper end of the rolled burst length. Keep at or above BurstDurationMin. [allowed range: 0.02 to 5.0]"
"Bots and AI","Bots|Difficulty","BotNormal.BurstRestMin","Burst Rest Min (s)","0.42","s","float","UTraceSettings - Project Settings > Game > Trace Gameplay; [/Script/Trace.TraceSettings] in Config/DefaultGame.ini -- NOT `config`: DefaultGame.ini cannot reach this one","Seconds the trigger stays released after a burst, whatever the bot can see. Burst / (burst + rest) is the duty cycle, and the duty cycle is the real DPS dial: ~28% on Easy, ~38% on Normal, ~58% on Hard. Sane range 0.3 to 1.0. [allowed range: 0.0 to 5.0]"
"Bots and AI","Bots|Difficulty","BotNormal.BurstRestMax","Burst Rest Max (s)","0.8","s","float","UTraceSettings - Project Settings > Game > Trace Gameplay; [/Script/Trace.TraceSettings] in Config/DefaultGame.ini -- NOT `config`: DefaultGame.ini cannot reach this one","Upper end of the rolled rest. Keep at or above BurstRestMin. [allowed range: 0.0 to 5.0]"
"Bots and AI","Bots|Difficulty","BotNormal.DecisionInterval","Decision Interval (s)","0.22","s","float","UTraceSettings - Project Settings > Game > Trace Gameplay; [/Script/Trace.TraceSettings] in Config/DefaultGame.ini -- NOT `config`: DefaultGame.ini cannot reach this one","Seconds between bot state re-evaluations. Steering and aim still run every frame. Sane range 0.15 (Hard) to 0.32 (Easy). This is a cost dial as much as a skill one - ten bots at 0.05 is a measurable frame cost for no visible gain. [allowed range: 0.02 to 2.0]"
"Bots and AI","Bots|Difficulty","BotNormal.Aggression","Aggression (0-1)","0.7","0-1","float","UTraceSettings - Project Settings > Game > Trace Gameplay; [/Script/Trace.TraceSettings] in Config/DefaultGame.ini -- NOT `config`: DefaultGame.ini cannot reach this one","0..1. How eagerly a bot spends its dash - to escape while carrying, or to commit at a trail. [allowed range: 0.0 to 1.0]"
"Bots and AI","Bots|Difficulty","BotNormal.InterceptorCount","Interceptors (trace hunters)","3","count","int32","UTraceSettings - Project Settings > Game > Trace Gameplay; [/Script/Trace.TraceSettings] in Config/DefaultGame.ini -- NOT `config`: DefaultGame.ini cannot reach this one","How many of the carrier's opponents peel off to hunt the trail. NOT scaled down on Easy. The trail-dash kill is the identity of the game; if it only shows up on Hard then most players never see the mechanic the whole design is built around. Easy is made easy by the shooting model above, not by hiding the signature play. InterceptorCount + PunisherCount must fit inside a five-man side, or the punisher slots never get ... [allowed range: 0 to 5]"
"Bots and AI","Bots|Difficulty","BotNormal.TrailDashCommitChance","Trail Dash Commit Chance (0-1)","0.75","0-1","float","UTraceSettings - Project Settings > Game > Trace Gameplay; [/Script/Trace.TraceSettings] in Config/DefaultGame.ini -- NOT `config`: DefaultGame.ini cannot reach this one","Per-decision probability that an interceptor in range actually commits its dash at the trail. [allowed range: 0.0 to 1.0]"
"Bots and AI","Bots|Difficulty","BotNormal.PassChance","Pass Chance (0-1)","0.55","0-1","float","UTraceSettings - Project Settings > Game > Trace Gameplay; [/Script/Trace.TraceSettings] in Config/DefaultGame.ini -- NOT `config`: DefaultGame.ini cannot reach this one","Probability a carrying bot passes on an evaluation tick that found a legal receiver. [allowed range: 0.0 to 1.0]"
"Bots and AI","Bots|Difficulty","BotNormal.PunisherCount","Punishers (pass hunters)","2","count","int32","UTraceSettings - Project Settings > Game > Trace Gameplay; [/Script/Trace.TraceSettings] in Config/DefaultGame.ini -- NOT `config`: DefaultGame.ini cannot reach this one","How many of the carrier's opponents hold a bead on them instead of hunting their trace. These are the bots that punish a pass. Bullets do nothing to a shielded carrier, so a punisher spends most of its time apparently wasting shots - but the pass drops the shield for half a second, and a gun already pointed at the carrier converts that half second into a kill and a turnover. Without anyone in this role, passing is ... [allowed range: 0 to 5]"
"Bots and AI","Bots|Difficulty","BotNormal.PassCaution","Pass Caution (0-1)","0.6","0-1","float","UTraceSettings - Project Settings > Game > Trace Gameplay; [/Script/Trace.TraceSettings] in Config/DefaultGame.ini -- NOT `config`: DefaultGame.ini cannot reach this one","0..1. How careful a carrying bot is about WHEN it starts a pass. Scales the number of covering enemies tolerated inside UTraceSettings::BotPunishRange (which ATraceBotController::CountEnemiesCoveringMe uses as its radius). At 0 a bot passes whenever it has a receiver, drops its shield in front of a firing line and dies for it; at 1 it waits for a genuinely clean window. Low on Easy on purpose. A reckless pass is a ... [allowed range: 0.0 to 1.0]"
"Bots and AI","Bots|Difficulty","BotNormal.MovementTechChance","Movement Tech Chance (0-1)","0.75","0-1","float","UTraceSettings - Project Settings > Game > Trace Gameplay; [/Script/Trace.TraceSettings] in Config/DefaultGame.ini -- NOT `config`: DefaultGame.ini cannot reach this one","0..1. How much of the movement kit (slide, crouch fast-fall) this bot uses. Not a skill dial so much as a legibility one: nine bots all sliding at once is noise, and the point of the kit is that it reads as intent. Kept well above zero even on Easy, because a mechanic no bot performs is a mechanic that has never been tested. [allowed range: 0.0 to 1.0]"
"Bots and AI","Bots|Difficulty","BotHard.ReactionTimeSeconds","Reaction Time (s)","0.26","s","float","UTraceSettings - Project Settings > Game > Trace Gameplay; [/Script/Trace.TraceSettings] in Config/DefaultGame.ini -- NOT `config`: DefaultGame.ini cannot reach this one","Seconds a bot must hold ONE target continuously before it is allowed to pull the trigger. Sane range 0.2 (Hard, near-instant) to 1.2 (Easy, visibly slow). Above ~1.5 most engagements end before the bot is ever allowed to fire and the bots read as broken rather than as easy. [allowed range: 0.0 to 5.0]"
"Bots and AI","Bots|Difficulty","BotHard.ReactionJitterFraction","Reaction Jitter (fraction)","0.25","fraction","float","UTraceSettings - Project Settings > Game > Trace Gameplay; [/Script/Trace.TraceSettings] in Config/DefaultGame.ini -- NOT `config`: DefaultGame.ini cannot reach this one","+/- fraction of ReactionTimeSeconds rolled per acquisition, so five bots never fire as one. Sane range 0.2 to 0.5. Zero makes a squad fire in perfect unison, which reads as scripted. [allowed range: 0.0 to 0.95]"
"Bots and AI","Bots|Difficulty","BotHard.ReacquireDelaySeconds","Reacquire Delay (s)","0.35","s","float","UTraceSettings - Project Settings > Game > Trace Gameplay; [/Script/Trace.TraceSettings] in Config/DefaultGame.ini -- NOT `config`: DefaultGame.ini cannot reach this one","Seconds a bot is blind after its target dies or leaves its engagement envelope. Without this a bot kills you and is already on your teammate in the same frame, which is what turned the opening seconds of a match into a simultaneous ten-way wipe. Sane range 0.3 to 1.4. [allowed range: 0.0 to 5.0]"
"Bots and AI","Bots|Difficulty","BotHard.AimErrorDegrees","Aim Error Base (deg)","2.5","deg","float","UTraceSettings - Project Settings > Game > Trace Gameplay; [/Script/Trace.TraceSettings] in Config/DefaultGame.ini -- NOT `config`: DefaultGame.ini cannot reach this one","Base half-width of the aim error cone, in degrees, at point-blank range against a still target. Sane range 1.5 (Hard) to 6 (Easy). This is the SMALLEST the error ever gets; the range and cross-speed terms below are added on top and dominate at arena distances. [allowed range: 0.0 to 45.0]"
"Bots and AI","Bots|Difficulty","BotHard.AimErrorPerThousandRange","Aim Error per 1000uu Range (deg)","1.2","deg","float","UTraceSettings - Project Settings > Game > Trace Gameplay; [/Script/Trace.TraceSettings] in Config/DefaultGame.ini -- NOT `config`: DefaultGame.ini cannot reach this one","Extra degrees of error per 1000uu of range. This is the ""bots are lasers across the map"" fix. Sane range 1.0 (Hard) to 2.5 (Easy). The dominant term at arena distances: at 4000uu it is worth four times the base error. [allowed range: 0.0 to 20.0]"
"Bots and AI","Bots|Difficulty","BotHard.AimErrorPerThousandCrossSpeed","Aim Error per 1000uu/s Cross Speed (deg)","1.2","deg","float","UTraceSettings - Project Settings > Game > Trace Gameplay; [/Script/Trace.TraceSettings] in Config/DefaultGame.ini -- NOT `config`: DefaultGame.ini cannot reach this one","Extra degrees of error per 1000uu/s of the target's speed across the bot's line of sight. This is what pays a player for strafing. Sane range 1.0 (Hard) to 4.0 (Easy). [allowed range: 0.0 to 20.0]"
"Bots and AI","Bots|Difficulty","BotHard.AimErrorMaxDegrees","Aim Error Ceiling (deg)","12","deg","float","UTraceSettings - Project Settings > Game > Trace Gameplay; [/Script/Trace.TraceSettings] in Config/DefaultGame.ini -- NOT `config`: DefaultGame.ini cannot reach this one","Hard ceiling on total aim error, so a distant sprinter does not make a bot spin in circles. Sane range 12 (Hard) to 22 (Easy). Must stay above AimErrorDegrees or the base is unreachable. [allowed range: 0.5 to 90.0]"
"Bots and AI","Bots|Difficulty","BotHard.AimTurnRateDegrees","Aim Turn Rate (deg/s)","420","deg/s","float","UTraceSettings - Project Settings > Game > Trace Gameplay; [/Script/Trace.TraceSettings] in Config/DefaultGame.ini -- NOT `config`: DefaultGame.ini cannot reach this one","Degrees per second the bot's aim slews. A finite rate is what makes strafing counterplay. Sane range 150 (Easy) to 450 (Hard). Anything above ~700 is instant snap at arena distances. [allowed range: 10.0 to 2000.0]"
"Bots and AI","Bots|Difficulty","BotHard.FireConeDegrees","Fire Cone (deg)","3","deg","float","UTraceSettings - Project Settings > Game > Trace Gameplay; [/Script/Trace.TraceSettings] in Config/DefaultGame.ini -- NOT `config`: DefaultGame.ini cannot reach this one","How close to its OWN (error-offset) aim point a bot must be before it fires. Sane range 2.5 to 4.5. This is a trigger gate, not an accuracy dial - widening it makes bots fire sooner, not more accurately. [allowed range: 0.1 to 45.0]"
"Bots and AI","Bots|Difficulty","BotHard.HeadshotAimFraction","Headshot Aim Chance (0-1)","0.6","0-1","float","UTraceSettings - Project Settings > Game > Trace Gameplay; [/Script/Trace.TraceSettings] in Config/DefaultGame.ini -- NOT `config`: DefaultGame.ini cannot reach this one","Probability that a bot aims at the HEAD rather than the body when it acquires a target. Damage became positional this pass: head 100, body 40, leg 25. A head hit is an instant kill from full health, so this single number is now the biggest lever on bot lethality - bigger than reaction time and bigger than the aim error cone, both of which only change how often a bot connects, not what a connection is worth. ZERO ON ... [allowed range: 0.0 to 1.0]"
"Bots and AI","Bots|Difficulty","BotHard.SightRange","Sight Range (uu)","8000","uu","float","UTraceSettings - Project Settings > Game > Trace Gameplay; [/Script/Trace.TraceSettings] in Config/DefaultGame.ini -- NOT `config`: DefaultGame.ini cannot reach this one","Bots are unaware of enemies beyond this, even with clear line of sight. Sane range 5000 to 8000 on the 33600 x 9600 field. Must stay above MaxEngagementRange or a bot can never legally shoot at anything. [allowed range: 100.0 to 40000.0]"
"Bots and AI","Bots|Difficulty","BotHard.MaxEngagementRange","Max Engagement Range (uu)","6000","uu","float","UTraceSettings - Project Settings > Game > Trace Gameplay; [/Script/Trace.TraceSettings] in Config/DefaultGame.ini -- NOT `config`: DefaultGame.ini cannot reach this one","Hard cap on the range a bot will SHOOT at. Deliberately far below SightRange: a bot that knows you exist but will not open up across the arena is what gives a player room to move. Sane range 4000 (Easy) to 6000 (Hard). Below ~3000 on this field size the bots read as ignoring the player entirely - that was measured. [allowed range: 100.0 to 40000.0]"
"Bots and AI","Bots|Difficulty","BotHard.PreferredCombatRange","Preferred Combat Range (uu)","1500","uu","float","UTraceSettings - Project Settings > Game > Trace Gameplay; [/Script/Trace.TraceSettings] in Config/DefaultGame.ini -- NOT `config`: DefaultGame.ini cannot reach this one","Range a bot tries to hold while duelling. Longer = its aim error costs it more. Sane range 1400 to 2000. Should sit well inside MaxEngagementRange. [allowed range: 100.0 to 20000.0]"
"Bots and AI","Bots|Difficulty","BotHard.BurstDurationMin","Burst Duration Min (s)","0.4","s","float","UTraceSettings - Project Settings > Game > Trace Gameplay; [/Script/Trace.TraceSettings] in Config/DefaultGame.ini -- NOT `config`: DefaultGame.ini cannot reach this one","Seconds of continuous fire before the bot lets go of the trigger. Sane range 0.2 to 0.45. [allowed range: 0.02 to 5.0]"
"Bots and AI","Bots|Difficulty","BotHard.BurstDurationMax","Burst Duration Max (s)","0.75","s","float","UTraceSettings - Project Settings > Game > Trace Gameplay; [/Script/Trace.TraceSettings] in Config/DefaultGame.ini -- NOT `config`: DefaultGame.ini cannot reach this one","Upper end of the rolled burst length. Keep at or above BurstDurationMin. [allowed range: 0.02 to 5.0]"
"Bots and AI","Bots|Difficulty","BotHard.BurstRestMin","Burst Rest Min (s)","0.3","s","float","UTraceSettings - Project Settings > Game > Trace Gameplay; [/Script/Trace.TraceSettings] in Config/DefaultGame.ini -- NOT `config`: DefaultGame.ini cannot reach this one","Seconds the trigger stays released after a burst, whatever the bot can see. Burst / (burst + rest) is the duty cycle, and the duty cycle is the real DPS dial: ~28% on Easy, ~38% on Normal, ~58% on Hard. Sane range 0.3 to 1.0. [allowed range: 0.0 to 5.0]"
"Bots and AI","Bots|Difficulty","BotHard.BurstRestMax","Burst Rest Max (s)","0.55","s","float","UTraceSettings - Project Settings > Game > Trace Gameplay; [/Script/Trace.TraceSettings] in Config/DefaultGame.ini -- NOT `config`: DefaultGame.ini cannot reach this one","Upper end of the rolled rest. Keep at or above BurstRestMin. [allowed range: 0.0 to 5.0]"
"Bots and AI","Bots|Difficulty","BotHard.DecisionInterval","Decision Interval (s)","0.16","s","float","UTraceSettings - Project Settings > Game > Trace Gameplay; [/Script/Trace.TraceSettings] in Config/DefaultGame.ini -- NOT `config`: DefaultGame.ini cannot reach this one","Seconds between bot state re-evaluations. Steering and aim still run every frame. Sane range 0.15 (Hard) to 0.32 (Easy). This is a cost dial as much as a skill one - ten bots at 0.05 is a measurable frame cost for no visible gain. [allowed range: 0.02 to 2.0]"
"Bots and AI","Bots|Difficulty","BotHard.Aggression","Aggression (0-1)","0.9","0-1","float","UTraceSettings - Project Settings > Game > Trace Gameplay; [/Script/Trace.TraceSettings] in Config/DefaultGame.ini -- NOT `config`: DefaultGame.ini cannot reach this one","0..1. How eagerly a bot spends its dash - to escape while carrying, or to commit at a trail. [allowed range: 0.0 to 1.0]"
"Bots and AI","Bots|Difficulty","BotHard.InterceptorCount","Interceptors (trace hunters)","3","count","int32","UTraceSettings - Project Settings > Game > Trace Gameplay; [/Script/Trace.TraceSettings] in Config/DefaultGame.ini -- NOT `config`: DefaultGame.ini cannot reach this one","How many of the carrier's opponents peel off to hunt the trail. NOT scaled down on Easy. The trail-dash kill is the identity of the game; if it only shows up on Hard then most players never see the mechanic the whole design is built around. Easy is made easy by the shooting model above, not by hiding the signature play. InterceptorCount + PunisherCount must fit inside a five-man side, or the punisher slots never get ... [allowed range: 0 to 5]"
"Bots and AI","Bots|Difficulty","BotHard.TrailDashCommitChance","Trail Dash Commit Chance (0-1)","0.95","0-1","float","UTraceSettings - Project Settings > Game > Trace Gameplay; [/Script/Trace.TraceSettings] in Config/DefaultGame.ini -- NOT `config`: DefaultGame.ini cannot reach this one","Per-decision probability that an interceptor in range actually commits its dash at the trail. [allowed range: 0.0 to 1.0]"
"Bots and AI","Bots|Difficulty","BotHard.PassChance","Pass Chance (0-1)","0.5","0-1","float","UTraceSettings - Project Settings > Game > Trace Gameplay; [/Script/Trace.TraceSettings] in Config/DefaultGame.ini -- NOT `config`: DefaultGame.ini cannot reach this one","Probability a carrying bot passes on an evaluation tick that found a legal receiver. [allowed range: 0.0 to 1.0]"
"Bots and AI","Bots|Difficulty","BotHard.PunisherCount","Punishers (pass hunters)","2","count","int32","UTraceSettings - Project Settings > Game > Trace Gameplay; [/Script/Trace.TraceSettings] in Config/DefaultGame.ini -- NOT `config`: DefaultGame.ini cannot reach this one","How many of the carrier's opponents hold a bead on them instead of hunting their trace. These are the bots that punish a pass. Bullets do nothing to a shielded carrier, so a punisher spends most of its time apparently wasting shots - but the pass drops the shield for half a second, and a gun already pointed at the carrier converts that half second into a kill and a turnover. Without anyone in this role, passing is ... [allowed range: 0 to 5]"
"Bots and AI","Bots|Difficulty","BotHard.PassCaution","Pass Caution (0-1)","1","0-1","float","UTraceSettings - Project Settings > Game > Trace Gameplay; [/Script/Trace.TraceSettings] in Config/DefaultGame.ini -- NOT `config`: DefaultGame.ini cannot reach this one","0..1. How careful a carrying bot is about WHEN it starts a pass. Scales the number of covering enemies tolerated inside UTraceSettings::BotPunishRange (which ATraceBotController::CountEnemiesCoveringMe uses as its radius). At 0 a bot passes whenever it has a receiver, drops its shield in front of a firing line and dies for it; at 1 it waits for a genuinely clean window. Low on Easy on purpose. A reckless pass is a ... [allowed range: 0.0 to 1.0]"
"Bots and AI","Bots|Difficulty","BotHard.MovementTechChance","Movement Tech Chance (0-1)","1","0-1","float","UTraceSettings - Project Settings > Game > Trace Gameplay; [/Script/Trace.TraceSettings] in Config/DefaultGame.ini -- NOT `config`: DefaultGame.ini cannot reach this one","0..1. How much of the movement kit (slide, crouch fast-fall) this bot uses. Not a skill dial so much as a legibility one: nine bots all sliding at once is noise, and the point of the kit is that it reads as intent. Kept well above zero even on Easy, because a mechanic no bot performs is a mechanic that has never been tested. [allowed range: 0.0 to 1.0]"
"Bots and AI","Bots|Intercept","BotTrailDashRange","Trail Dash Commit Range (uu)","420","uu","float","UTraceSettings - Project Settings > Game > Trace Gameplay; [/Script/Trace.TraceSettings] in Config/DefaultGame.ini","Perpendicular distance to the trail line inside which a hunting bot commits its dash, in uu. Must stay comfortably under the dash's own reach (DashSpeed * DashDuration, ~594uu by default) or the dash stops short of the trail and the signature kill never lands. ABSOLUTE, not field-relative: it is a property of the dash. Sane range 0.6 to 0.85 of dash reach. [allowed range: 10.0 to 3000.0]"
"Bots and AI","Bots|Intercept","BotTrailCrossOvershoot","Trail Cross Overshoot (uu)","320","uu","float","UTraceSettings - Project Settings > Game > Trace Gameplay; [/Script/Trace.TraceSettings] in Config/DefaultGame.ini","How far past the trail an interceptor aims, in uu, so the dash sweeps THROUGH it and not up to it. [allowed range: 0.0 to 3000.0]"
"Bots and AI","Bots|Intercept","BotTrailMinPointLifeRemaining","Min Point Life Remaining (s, x WalkSpeed = uu skipped from tail)","0.4","s","float","UTraceSettings - Project Settings > Game > Trace Gameplay; [/Script/Trace.TraceSettings] in Config/DefaultGame.ini","How much of the OLDEST end of the trace a hunting bot refuses to aim at, expressed as the seconds of walking that stretch of trace represents (x WalkSpeed = the uu skipped from the tail). A bot that commits to a point which vanishes before it arrives is a bot that spends the whole carry running at ghosts - one of the two reasons trail kills were once 1.3% of deaths. SPEC v7 §1 CHANGED WHAT THIS MEANS, AND THE ... [allowed range: 0.0 to 4.0]"
"Bots and AI","Bots|Intercept","BotInterceptRadiusFieldFraction","Intercept Radius (fraction of field half-length)","0.7","0-1","float","UTraceSettings - Project Settings > Game > Trace Gameplay; [/Script/Trace.TraceSettings] in Config/DefaultGame.ini","Fraction of the field HALF-LENGTH inside which a bot will accept the interceptor role. Capped by the difficulty profile's SightRange, so an interceptor has to be able to SEE the carrier to peel off after them. Without the cap the role radius was pure geometry and a defender on the far side of a 24000uu arena would set off after a carrier it had no way of knowing about - measurably fatal: the carrier died 1-3 seconds ... [allowed range: 0.0 to 2.0]"
"Bots and AI","Bots|Intercept","BotTrailMinDistanceFromCarrier","Min Trail Distance From Carrier (uu)","900","uu","float","UTraceSettings - Project Settings > Game > Trace Gameplay; [/Script/Trace.TraceSettings] in Config/DefaultGame.ini","Trail points closer than this to the carrier are not intercept targets, in uu. The server exempts the newest TrailHeadGracePoints from the trip test, but at the default spacing that is only ~180uu - close enough that a defender standing where the carrier just was could stab the trail at their heels the instant they picked up. That is not the play the mechanic is for. Requiring established trail turns the intercept ... [allowed range: 0.0 to 8000.0]"
"Bots and AI","Bots|Positioning","BotEscortLeadFieldFraction","Escort Lead (fraction of field half-length)","0.18","0-1","float","UTraceSettings - Project Settings > Game > Trace Gameplay; [/Script/Trace.TraceSettings] in Config/DefaultGame.ini","Fraction of the field HALF-LENGTH a screening escort holds ahead of the carrier. Must stay comfortably ABOVE BotPassMinGoalAdvantageFieldFraction, or no escort is ever a legal receiver and bots silently never pass. That was measured: zero passes in fifty runs. [allowed range: 0.0 to 1.0]"
"Bots and AI","Bots|Positioning","BotDeepRunnerStandoffFieldFraction","Deep Runner Standoff (fraction of field half-length)","0.22","0-1","float","UTraceSettings - Project Settings > Game > Trace Gameplay; [/Script/Trace.TraceSettings] in Config/DefaultGame.ini","Fraction of the field HALF-LENGTH short of the goal a deep receiver parks at. [allowed range: 0.0 to 1.0]"
"Bots and AI","Bots|Positioning","BotFormationSpreadFieldFraction","Formation Spread (fraction of field half-width)","0.35","0-1","float","UTraceSettings - Project Settings > Game > Trace Gameplay; [/Script/Trace.TraceSettings] in Config/DefaultGame.ini","Fraction of the field HALF-WIDTH used to spread bots sideways so they do not stack up. [allowed range: 0.0 to 1.0]"
"Bots and AI","Bots|Positioning","BotAttackLaneFieldFraction","Attack Lane Spread (fraction of field half-width)","0.3","0-1","float","UTraceSettings - Project Settings > Game > Trace Gameplay; [/Script/Trace.TraceSettings] in Config/DefaultGame.ini","Fraction of the field HALF-WIDTH a bot offsets the point it attacks in the enemy endzone. An endzone spans the whole width of the field, so which part of the line a carrier crosses is free choice - and aiming every bot at its exact centre threw that away, funnelling every carry and every escort station down one corridor. This gives each bot its own crossing point for the life of its pawn (FormationBias is uniform in ... [allowed range: 0.0 to 1.0]"
"Bots and AI","Bots|Positioning","BotGoalInsetFromWall","Goal Inset From Wall (uu)","300","uu","float","UTraceSettings - Project Settings > Game > Trace Gameplay; [/Script/Trace.TraceSettings] in Config/DefaultGame.ini","How far inside the endzone the goal point sits, in uu. Must stay under the endzone depth (900uu). [allowed range: 0.0 to 900.0]"
"Bots and AI","Bots|Positioning","BotWallAvoidMargin","Wall Avoid Margin (uu)","500","uu","float","UTraceSettings - Project Settings > Game > Trace Gameplay; [/Script/Trace.TraceSettings] in Config/DefaultGame.ini","How close to a wall the steering repulsion field starts pushing back, in uu. Absolute: dash reach. [allowed range: 1.0 to 4000.0]"
"Bots and AI","Bots|Positioning","BotCarrierPanicRadius","Carrier Panic Radius (uu)","900","uu","float","UTraceSettings - Project Settings > Game > Trace Gameplay; [/Script/Trace.TraceSettings] in Config/DefaultGame.ini","An enemy inside this radius (uu) makes a carrying bot spend its dash to break away. Absolute. [allowed range: 0.0 to 8000.0]"
"Bots and AI","Bots|Positioning","BotEndzoneResolveInterval","Endzone Re-resolve Interval (s)","1","s","float","UTraceSettings - Project Settings > Game > Trace Gameplay; [/Script/Trace.TraceSettings] in Config/DefaultGame.ini","Seconds between re-asking the ATraceEndzone actors which end this team attacks. Bots MUST NOT cache ""Blue attacks +X"". Teams switch sides at half time, and a bot still running at the first-half endzone in the second half is both the most likely bug in this pass and one that looks exactly like bad pathing. Polling is a two-actor scan, so it is cheap enough to simply keep doing forever rather than trying to detect the ... [allowed range: 0.05 to 30.0]"
"Bots and AI","Bots|Targeting","BotHumanTargetBias","Human Target Bias (squared-distance weight)","0.25","x (multiplier)","float","UTraceSettings - Project Settings > Game > Trace Gameplay; [/Script/Trace.TraceSettings] in Config/DefaultGame.ini","Weight applied to a HUMAN target's squared distance when a bot picks who to shoot. Below 1 means preferred; 1.0 restores pure nearest-first. Nine of the ten players in a solo match are bots and they cluster on the objective, so nearest-first made the human the least-shot-at actor on the field. Measured on the shipped Easy profile: bots had the human inside engagement range with clear line of sight for 50.8% of ... [allowed range: 0.01 to 1.0]"
"Bots and AI","Bots|Targeting","BotTargetSwitchFraction","Target Switch Threshold (fraction)","0.45","fraction","float","UTraceSettings - Project Settings > Game > Trace Gameplay; [/Script/Trace.TraceSettings] in Config/DefaultGame.ini","How much better a new target must score before a bot abandons the one it is already tracking, as a fraction of the current target's score. 1.0 disables the hysteresis. Switching target restarts the reaction clock. In a crowd the nearest enemy changes every second or two, which on Easy (a reaction delay of up to ~1.9s) meant the clock was re-rolled more often than it could ever elapse: 19.3% of bot-ticks aiming ... [allowed range: 0.05 to 1.0]"
"Bots and AI","Bots|Passing","BotPassEvalInterval","Pass Eval Interval (s)","0.35","s","float","UTraceSettings - Project Settings > Game > Trace Gameplay; [/Script/Trace.TraceSettings] in Config/DefaultGame.ini","Seconds between pass evaluations by a carrying bot. [allowed range: 0.05 to 5.0]"
"Bots and AI","Bots|Passing","BotPassMinDistance","Min Pass Distance (uu)","700","uu","float","UTraceSettings - Project Settings > Game > Trace Gameplay; [/Script/Trace.TraceSettings] in Config/DefaultGame.ini","Shortest pass a bot will bother with, in uu. Below this the ""pass"" is a handoff to somebody standing on top of the carrier: it moves the Core almost nowhere, spends PassCooldownSeconds, and costs the carrier PassHoldSeconds of dropped shield for no positional gain at all. That is a bad trade for the bot and reads in the log as a bug. [allowed range: 0.0 to 10000.0]"
"Bots and AI","Bots|Passing","BotPassMinRange","Pass Range Floor (uu)","3200","uu","float","UTraceSettings - Project Settings > Game > Trace Gameplay; [/Script/Trace.TraceSettings] in Config/DefaultGame.ini","Floor on pass range, in uu. The effective range is the larger of this and the fraction below. [allowed range: 0.0 to 30000.0]"
"Bots and AI","Bots|Passing","BotPassRangeFieldFraction","Pass Range (fraction of field half-length)","0.55","0-1","float","UTraceSettings - Project Settings > Game > Trace Gameplay; [/Script/Trace.TraceSettings] in Config/DefaultGame.ini","Fraction of the field HALF-LENGTH a bot will throw the Core across. [allowed range: 0.0 to 2.0]"
"Bots and AI","Bots|Passing","BotPassMinGoalAdvantageFieldFraction","Min Receiver Goal Advantage (fraction of field half-length)","0.1","0-1","float","UTraceSettings - Project Settings > Game > Trace Gameplay; [/Script/Trace.TraceSettings] in Config/DefaultGame.ini","How much closer to the goal a receiver must be, as a fraction of the field HALF-LENGTH. Pairs with BotEscortLeadFieldFraction: if a screening escort's own station is not further forward than this threshold, then by construction no escort is ever a legal receiver and passing silently never happens. That is exactly what was measured - zero passes in fifty runs. Keep BotEscortLeadFieldFraction comfortably above this ... [allowed range: 0.0 to 1.0]"
"Bots and AI","Bots|Passing","BotPassPressureRadius","Pass Pressure Radius (uu)","1400","uu","float","UTraceSettings - Project Settings > Game > Trace Gameplay; [/Script/Trace.TraceSettings] in Config/DefaultGame.ini","An enemy this close (uu) to a carrying bot turns passing into a reflex rather than a plan: the advantage requirement drops to zero and any open teammate becomes a legal outlet. [allowed range: 0.0 to 10000.0]"
"Bots and AI","Bots|HoverPass","BotPassHoldMargin","Hold Margin (s)","0.2","s","float","UTraceSettings - Project Settings > Game > Trace Gameplay; [/Script/Trace.TraceSettings] in Config/DefaultGame.ini","Extra seconds a bot holds the pass input beyond the rule's dwell, as insurance against the hold and the dwell being clocked on slightly different frames. Cheap: the surplus is spent shielded-down, but only for a frame or two. [allowed range: 0.0 to 2.0]"
"Bots and AI","Bots|HoverPass","BotPassHoldSeconds","Hold Duration (s) [mirror of Core|Pass]","0.5","s","float","UTraceSettings - Project Settings > Game > Trace Gameplay; [/Script/Trace.TraceSettings] in Config/DefaultGame.ini","Bot-side MIRROR of Core|Pass ""Pass Hold (s)"". Keep equal to PassHoldSeconds. [allowed range: 0.0 to 5.0]"
"Bots and AI","Bots|HoverPass","BotPassCooldownSeconds","Pass Cooldown (s) [mirror of Core|Pass]","2.3","s","float","UTraceSettings - Project Settings > Game > Trace Gameplay; [/Script/Trace.TraceSettings] in Config/DefaultGame.ini","Bot-side MIRROR of Core|Pass ""Pass Cooldown (s)"", plus a little so bots never spam it. [allowed range: 0.0 to 20.0]"
"Bots and AI","Bots|HoverPass","BotPassAimToleranceDegrees","Aim Tolerance (deg)","4","deg","float","UTraceSettings - Project Settings > Game > Trace Gameplay; [/Script/Trace.TraceSettings] in Config/DefaultGame.ini","How close the aim must be to the receiver before the bot commits the input, in degrees. The bot lines up with the shield still UP (ETraceBotPassPhase::Lining), which costs nothing, and only presses once it is inside this cone. Pressing early would burn the vulnerable window on slewing rather than on the dwell. [allowed range: 0.1 to 45.0]"
"Bots and AI","Bots|HoverPass","BotPassMaxLineUpSeconds","Max Line-Up Time (s)","1.1","s","float","UTraceSettings - Project Settings > Game > Trace Gameplay; [/Script/Trace.TraceSettings] in Config/DefaultGame.ini","Seconds a bot will spend lining up before giving up on this receiver. A carrier that spends four seconds slewing at a teammate who keeps moving behind cover is a carrier not running at the goal. [allowed range: 0.05 to 10.0]"
"Bots and AI","Bots|Punish","BotPunishRange","Punish Range (uu)","2600","uu","float","UTraceSettings - Project Settings > Game > Trace Gameplay; [/Script/Trace.TraceSettings] in Config/DefaultGame.ini","Range (uu) at which a punisher will hold a bead on the enemy carrier. Also the radius used by CountEnemiesCoveringMe(), so the carrier's idea of ""someone can shoot me"" and the defender's idea of ""I can shoot the carrier"" are the same number by construction. If those two ever disagree, one side of the pass loop is playing a different game. [allowed range: 100.0 to 20000.0]"
"Bots and AI","Bots|Punish","BotPunishStandoffFraction","Punish Standoff (fraction of Punish Range)","0.55","0-1","float","UTraceSettings - Project Settings > Game > Trace Gameplay; [/Script/Trace.TraceSettings] in Config/DefaultGame.ini","Standoff a punisher tries to hold from the carrier, as a fraction of BotPunishRange. Deliberately not zero: a punisher that walks onto the carrier is inside its own trace-hunting teammates' crossing lanes, and is also the first thing a dashing carrier escapes past. [allowed range: 0.0 to 1.0]"
"Bots and AI","Bots|Aim","BotAimHeadOffsetZ","Head Aim Offset Z (uu)","62","uu","float","UTraceSettings - Project Settings > Game > Trace Gameplay; [/Script/Trace.TraceSettings] in Config/DefaultGame.ini","Head aim point, +Z from the capsule centre. The capsule half-height is 88, so ~62 is the skull. [allowed range: -200.0 to 200.0]"
"Bots and AI","Bots|Aim","BotAimBodyOffsetZ","Body Aim Offset Z (uu)","20","uu","float","UTraceSettings - Project Settings > Game > Trace Gameplay; [/Script/Trace.TraceSettings] in Config/DefaultGame.ini","Body (centre mass) aim point, +Z from the capsule centre. Also the point the LOS test uses. [allowed range: -200.0 to 200.0]"
"Bots and AI","Bots|Aim","BotAimLegOffsetZ","Leg Aim Offset Z (uu)","-50","uu","float","UTraceSettings - Project Settings > Game > Trace Gameplay; [/Script/Trace.TraceSettings] in Config/DefaultGame.ini","Where a bot aims when it is deliberately going low. Not currently chosen on purpose by any difficulty - it exists because vertical aim error around the body point already produces leg hits, and naming the zone makes that visible in the damage numbers instead of looking like a miss that happened to land. [allowed range: -200.0 to 200.0]"
"Bots and AI","Bots|Movement","BotStuckJumpSeconds","Stuck Jump After (s)","1.3","s","float","UTraceSettings - Project Settings > Game > Trace Gameplay; [/Script/Trace.TraceSettings] in Config/DefaultGame.ini","Seconds a bot may push into geometry without moving before it tries a jump to clear it. The bots have no navmesh, so their one failure mode is wedging against the arena's waist-high furniture and sidestepping along it. Strafe-evade handles most of it; this is the escalation when it does not, and it is deliberately NOT gated on MovementTechChance - a recovery that only sometimes fires is a bot that sometimes stands ... [allowed range: 0.1 to 10.0]"
"Bots and AI","Bots|Movement","BotDashCooldownSeconds","Dash Cooldown (s) [mirror of Movement|Dash]","3.5","s","float","UTraceSettings - Project Settings > Game > Trace Gameplay; [/Script/Trace.TraceSettings] in Config/DefaultGame.ini","Bot-side MIRROR of DashCooldown, used by the shadow charge model. Keep the two equal. [allowed range: 0.05 to 30.0]"
"Bots and AI","Bots|Movement","BotSlideMinSpeed","Slide Min Speed (uu/s)","480","uu/s","float","UTraceSettings - Project Settings > Game > Trace Gameplay; [/Script/Trace.TraceSettings] in Config/DefaultGame.ini","Minimum planar speed (uu/s) before a slide is worth starting. Sliding from a standstill is a crouch. [allowed range: 0.0 to 3000.0]"
"Bots and AI","Bots|Movement","BotSlideHoldSeconds","Slide Hold (s)","1.6","s","float","UTraceSettings - Project Settings > Game > Trace Gameplay; [/Script/Trace.TraceSettings] in Config/DefaultGame.ini","How long a bot holds the crouch input once it decides to slide, as an UPPER BOUND. *** THE ""MUST TRACK SlideDuration"" RULE IS NOW ENFORCED IN CODE, NOT IN THIS COMMENT (spec v24 §0). *** This used to say ""keep at or under SlideDuration"" and nothing checked it, so when spec v24 §8 cut the effective slide from 1.26 s to 0.86 s a bot carried on holding crouch for the full 1.60 s and crouch-walked for 0.74 s after its ... [allowed range: 0.05 to 6.0]"
"Bots and AI","Bots|Movement","BotSlideCooldownSeconds","Slide Cooldown (s)","3.2","s","float","UTraceSettings - Project Settings > Game > Trace Gameplay; [/Script/Trace.TraceSettings] in Config/DefaultGame.ini","Bot-side pacing on slides, so a bot does not spend the whole match on its side. [allowed range: 0.0 to 20.0]"
"Bots and AI","Bots|Movement","BotFastFallMinHeight","Fast-Fall Min Height (uu)","140","uu","float","UTraceSettings - Project Settings > Game > Trace Gameplay; [/Script/Trace.TraceSettings] in Config/DefaultGame.ini","Minimum height above the floor at which a bot will crouch to kill its upward momentum. The fast-fall exists to get back to the ground quickly - a bot in the air cannot dash usefully and cannot change direction, which is a bad place to be while being shot at. Below this height the fall is over before the input would matter. [allowed range: 0.0 to 2000.0]"
"Trail and VFX","Trail","TrailLethality","Trail Lethality","KillsCarrier","","ETrailLethality","UTraceSettings - Project Settings > Game > Trace Gameplay; [/Script/Trace.TraceSettings] in Config/DefaultGame.ini","Who dies when the trail is tripped. Default rule: the carrier does."
"Trail and VFX","Trail","bOnlyEnemiesTripTrail","Only Enemies Trip Trail","true","on/off","bool","UTraceSettings - Project Settings > Game > Trace Gameplay; [/Script/Trace.TraceSettings] in Config/DefaultGame.ini","True: teammates of the carrier pass through the trail harmlessly. Flipping this changes the game."
"Trail and VFX","Trail","bRequireDashToTripTrail","Require Dash To Trip Trail","true","on/off","bool","UTraceSettings - Project Settings > Game > Trace Gameplay; [/Script/Trace.TraceSettings] in Config/DefaultGame.ini","True: only a dashing player trips the trail. This is the core counterplay rule."
"Trail and VFX","Trail","TrailLifetime","Trail Lifetime (s) [derivation/legacy fade only]","2","s","float","UTraceSettings - Project Settings > Game > Trace Gameplay; [/Script/Trace.TraceSettings] in Config/DefaultGame.ini","NO LONGER THE EXPIRY RULE. SPEC v7 §1 deleted time-based trail expiry outright; a trail point now leaves the tail ONLY when new trace at the head pushes the path past TrailMaxLengthUU. A carrier who stands still therefore keeps their entire trace indefinitely - that is the whole point of the change. The reported exploit was that a stationary carrier's trace timed out and left them literally unkillable, the trace ... [allowed range: 0.2 to 4.0]"
"Trail and VFX","Trail","TrailMaxLengthUU","Trail Max Length (uu)","1200","uu","float","UTraceSettings - Project Settings > Game > Trace Gameplay; [/Script/Trace.TraceSettings] in Config/DefaultGame.ini","SPEC v7 §§1-2. THE MAXIMUM LENGTH OF A TRACE, IN UU - and the rule that retires trail points. Points are appended at the head as the carrier moves and dropped from the tail only while the total path length exceeds this. Nothing else retires a point. No clock is involved, so the trace behind a stationary carrier is permanent until they move again. 1200 = the v7 §2 conversion of the old timer: TrailLifetime 2.0s x ... [allowed range: 0.0 to 8000.0]"
"Trail and VFX","Trail","TrailPointSpacing","Point Spacing (uu)","60","uu","float","UTraceSettings - Project Settings > Game > Trace Gameplay; [/Script/Trace.TraceSettings] in Config/DefaultGame.ini","Distance the carrier must travel before a new point is appended, in uu. Smaller is a smoother, more expensive trace. Sane range 40 to 100; this multiplied by MaxTrailPoints is the longest trace that can exist. [allowed range: 10.0 to 500.0]"
"Trail and VFX","Trail","TrailRadius","Segment Radius (uu)","22.5","uu","float","UTraceSettings - Project Settings > Game > Trace Gameplay; [/Script/Trace.TraceSettings] in Config/DefaultGame.ini","HALF the trace's width in uu - the LETHAL radius and the DRAWN radius, which are one number. SPEC v7 §3: 45 (the full player-model width) -> 22.5, ""it doesn't need to be the full width of the player model"". Both the trip test and every renderer arm resolve this through UTraceTrailComponent::GetTraceTrailRadius(), so shrinking the drawing without shrinking the kill volume (""I dashed past it and died anyway"") is not ... [allowed range: 5.0 to 500.0]"
"Trail and VFX","Trail","TrailHeight","Segment Height (uu)","63","uu","float","UTraceSettings - Project Settings > Game > Trace Gameplay; [/Script/Trace.TraceSettings] in Config/DefaultGame.ini","The trace's height in uu, centred on the carrier's mid-model - LETHAL AND DRAWN TOGETHER. SPEC v7 §3: 190 -> 63, ""get rid of the top and bottom third of the trace, so that it's just the middle section, in order to make visibility around the trace better"". Resolved through UTraceTrailComponent::GetTraceTrailHeight(); Trace.Trail.Height overrides it. NOTE, and this changed in v7: this NO LONGER drives the third-person ... [allowed range: 10.0 to 1000.0]"
"Trail and VFX","Trail","bTrailWallFitEnabled","Wall Fit Enabled [v12 §6]","true","on/off","bool","UTraceSettings - Project Settings > Game > Trace Gameplay; [/Script/Trace.TraceSettings] in Config/DefaultGame.ini","Master switch for the corner fitter. Pairs with Trace.Trail.WallFit. OFF restores the exact pre-v12 straight chord - i.e. it reproduces the reported bug on demand, which is what makes it worth keeping rather than deleting once the fix lands. ""Is the clipping fixed"" and ""did the fix change where the trace kills"" are two questions, and this is how they get asked one at a time."
"Trail and VFX","Trail","TrailWallFitMarginUU","Wall Fit Margin (uu over half width) [v12 §6]","4","uu","float","UTraceSettings - Project Settings > Game > Trace Gameplay; [/Script/Trace.TraceSettings] in Config/DefaultGame.ini","Clearance in uu the trace asks for OVER its own half width when testing a segment against the level. Pairs with Trace.Trail.WallFitMargin. The ribbon legitimately reaches a little past TrailRadius at joints (interior joints overlap by one radius so the wedge on the outside of a corner closes) and a box's corner is further from its axis than its face. A few uu covers that without pretending the trace is fatter than ... [allowed range: 0.0 to 34.0]"
"Trail and VFX","Trail","TrailWallFitMaxPushUU","Wall Fit Max Push (uu) [v13 §7: 12 -> 44]","44","uu","float","UTraceSettings - Project Settings > Game > Trace Gameplay; [/Script/Trace.TraceSettings] in Config/DefaultGame.ini","Largest horizontal nudge, in uu, applied to a trail point that is ALREADY inside level geometry. Pairs with Trace.Trail.WallFitMaxPush. 0 disables the nudge and leaves subdivision. Deliberately small. Subdivision does the real work; this is residue cleanup, and it must never become a mechanism that slides the trace off the route the player ran - the trace is where the carrier went, and a knob that can move it 100 uu ... [allowed range: 0.0 to 64.0]"
"Trail and VFX","Trail","bTrailWallClearanceEnabled","Wall Clearance By Half Width [v13 §7]","true","on/off","bool","UTraceSettings - Project Settings > Game > Trace Gameplay; [/Script/Trace.TraceSettings] in Config/DefaultGame.ini","SPEC v13 §7 - CLEAR THE TRACE BY ITS OWN HALF WIDTH WHENEVER THE PATH RUNS NEAR GEOMETRY, rather than only when a chord is BLOCKED. Pairs with Trace.Trail.WallClearance. THIS IS THE SHAPE OF THE FIX, WHICH IS WHY IT IS A SWITCH AND NOT A DISTANCE. v12 §6 diagnosed corner-cutting - two points straddling a pillar with the chord between them passing through it - and fixed exactly that: the router triggers on a blocked ..."
"Trail and VFX","Trail","TrailWallFitMaxInsert","Wall Fit Max Inserted Points [v12 §6]","6","count","int32","UTraceSettings - Project Settings > Game > Trace Gameplay; [/Script/Trace.TraceSettings] in Config/DefaultGame.ini","Most extra points the fitter may insert for ONE appended trail point. Pairs with Trace.Trail.WallFitMaxInsert. A 60 uu chord subdivided by the carrier's real path needs one or two extra points around a pillar, so 6 is generous. It exists so a pathological case - a carrier standing inside geometry, a mesh no capsule can clear - degrades to the old chord instead of flooding the replicated fast array, which is a ... [allowed range: 0 to 64]"
"Trail and VFX","Trail","MaxTrailPoints","Max Trail Points","256","count","int32","UTraceSettings - Project Settings > Game > Trace Gameplay; [/Script/Trace.TraceSettings] in Config/DefaultGame.ini","Hard cap on replicated trail points; oldest are dropped first. A bandwidth dial. [allowed range: 8 to 1024]"
"Trail and VFX","Trail","TrailHeadGracePoints","Head Grace Points","3","s","int32","UTraceSettings - Project Settings > Game > Trace Gameplay; [/Script/Trace.TraceSettings] in Config/DefaultGame.ini","Newest N points are exempt from the trip test so the carrier never kills themselves. At the default spacing this is only ~180uu of exemption. Sane range 2 to 6; zero lets a carrier die to the trace coming out of their own feet. [allowed range: 0 to 32]"
"Trail and VFX","Trail|Legacy Renderer","TraceGhostSpacingUU","[legacy] Ghost Spacing (uu along path)","220","uu","float","UTraceSettings - Project Settings > Game > Trace Gameplay; [/Script/Trace.TraceSettings] in Config/DefaultGame.ini","uu ALONG THE PATH between consecutive posed after-images. Mirrors the Trace.Trail.GhostSpacing CVar; keep the two equal. A DISTANCE, not a count of trail points, and that is the right unit: point spacing changes with TrailPointSpacing and the ghosts want to be a fixed distance apart however finely the path happens to be sampled. The tension it resolves: a ghost at every trail point (60 uu) is the most beautiful ... [allowed range: 20.0 to 2000.0]"
"Trail and VFX","Trail|Legacy Renderer","MaxTraceGhosts","[legacy] Max Ghosts Per Trace (0 = smear only)","20","count","int32","UTraceSettings - Project Settings > Game > Trace Gameplay; [/Script/Trace.TraceSettings] in Config/DefaultGame.ini","Cap on pooled posed-Mannequin after-images PER TRACE. 0 disables ghosts and leaves the trace as the continuous smear alone. Mirrors the Trace.Trail.GhostMaxCount CVar; keep the two equal. This is the number that decides whether spec v4 §2 is affordable, so the arithmetic is worth restating now that spec v7 §§1-2 changed it: a trace is TrailMaxLengthUU long WHATEVER the carrier is doing - 1200 uu - capped as ever by ... [allowed range: 0 to 64]"
"Trail and VFX","Trail","TraceGhostGlow","Trace Ribbon Glow","2.6","","float","UTraceSettings - Project Settings > Game > Trace Gameplay; [/Script/Trace.TraceSettings] in Config/DefaultGame.ini","THE LIVE ONE. Emissive strength of the brightest layer of the trace on M_TraceNeon - which since spec v6 §2 is the RIBBON, not a posed after-image. Mirrors Trace.Trail.GhostGlow. The name is legacy and the meaning is not: ""emissive strength of the brightest layer"" is exactly what it always was, so the number a designer already tuned still means what they tuned it to. It is deliberately NOT renamed to ... [allowed range: 0.0 to 8.0]"
"Trail and VFX","Trail|Legacy Renderer","TraceSmearGlowScale","[legacy] Smear Glow (fraction of ribbon glow)","0.5","x (multiplier)","float","UTraceSettings - Project Settings > Game > Trace Gameplay; [/Script/Trace.TraceSettings] in Config/DefaultGame.ini","Brightness of the continuous smear as a FRACTION of the ghost glow. Mirrors Trace.Trail.SmearGlowScale. The smear is the part of the drawing that is continuous, and the trip volume is continuous, so this is the knob that decides whether the picture still agrees with the rule. Turned down, the mannequins read as the bright thing and the smear as the blur joining them; turned to 1 it is the old solid-fence look. DO ... [allowed range: 0.02 to 4.0]"
"Trail and VFX","Trail|Legacy Renderer","TraceGhostForcedLOD","[legacy] Ghost Forced LOD (0 = auto)","0","","int32","UTraceSettings - Project Settings > Game > Trace Gameplay; [/Script/Trace.TraceSettings] in Config/DefaultGame.ini","Forced LOD on the after-images: 0 = automatic (screen-size driven), 1 = LOD0, 2 = LOD1, ... Mirrors Trace.Trail.GhostForcedLOD. Automatic by default because ghosts are exactly what the LOD system is good at - static, often distant, and with no animation whose popping would give a transition away. Exposed because forcing a low LOD is the single biggest perf lever here if a ten-player capture ever measures the skinned ... [allowed range: 0 to 4]"
"UI and HUD","HUD","ThirdPersonCrosshairScale","Third-Person Crosshair Scale","1.6","x (multiplier)","float","UTraceSettings - Project Settings > Game > Trace Gameplay; [/Script/Trace.TraceSettings] in Config/DefaultGame.ini","How much larger the CENTRE crosshair is drawn while the third-person carry blend is fully in. There is always a crosshair at the exact centre of the screen, in both view modes - that rule is stated in ATraceHUD::DrawCrosshair and must not be undone. This only scales it. The reason it grows at all is that the third-person camera sits behind and above the pawn, so the same pixel size reads as a smaller fraction of the ... [allowed range: 1.0 to 3.0]"
"Player settings (per-player: crosshair, mouse, keybinds, video)","Mouse and look","MouseSensitivity","","1","x (multiplier)","float","UTraceUserSettings - PER-PLAYER, saved to Saved/Config/.../TraceUserSettings.ini. NOT shipped tuning","Degrees of view rotation per unit of raw mouse delta. This IS the Scalar modifier value on the Look mappings; there is no other scaling anywhere in the chain - Config/DefaultInput.ini sets bEnableLegacyInputScales=False, so APlayerController::AddYawInput/AddPitchInput multiply by exactly 1.0 and this number is the whole story. LOWERED FROM THE SHIPPED 2.5 TO 1.5, a 40% cut, because the player said the build was too ..."
"Player settings (per-player: crosshair, mouse, keybinds, video)","Mouse and look","MouseSensitivityYScale","","0.8","x (multiplier)","float","UTraceUserSettings - PER-PLAYER, saved to Saved/Config/.../TraceUserSettings.ini. NOT shipped tuning","Extra multiplier applied to the VERTICAL axis only, on top of MouseSensitivity. Separating the axes is close to free here - the two mappings already carry their own modifier lists - and a lot of players want pitch slower than yaw because the pitch range is 180 degrees while the yaw range is unbounded."
"Player settings (per-player: crosshair, mouse, keybinds, video)","Mouse and look","bInvertMouseY","","false","on/off","bool","UTraceUserSettings - PER-PLAYER, saved to Saved/Config/.../TraceUserSettings.ini. NOT shipped tuning","Invert the vertical axis. FALSE is standard FPS convention: push the mouse forward, look up. THE BUG THIS FIXES. Raw EKeys::MouseY is positive when the mouse moves UP (FSceneViewport::OnMouseMove does `MouseDelta.Y -= CursorDelta.Y`, negating the screen-space delta). With bEnableLegacyInputScales=False, APlayerController::AddPitchInput adds `Val * 1.0` straight onto RotationInput.Pitch, and positive pitch looks UP. ..."
"Player settings (per-player: crosshair, mouse, keybinds, video)","Keybinds","KeyBindings","","(""MoveForward=W,None"",""MoveBack=S,None"",""MoveLeft=A,None"",""MoveRight=D,None"",""Jump=SpaceBar,None"",""Crouch=LeftCommand,None"",""Dash=LeftShift,None"",""ParryKeys=Q,ThumbMouseButton"",""Fire=LeftMouseButton,None"",""ThrowCore=None,None"",""Scoreboard=Tab,None"",""EquipKnife=One,None"",""EquipGun=K,None"",""Ability=E, ...","","TArray","UTraceUserSettings - PER-PLAYER, saved to Saved/Config/.../TraceUserSettings.ini. NOT shipped tuning","Serialised bindings, one ""ConfigId=KeyName"" string per entry. A TArray<FString> rather than a TMap<FName, FKey> on purpose. Config TMaps of USTRUCT values are the sort of thing that works until it silently does not, and FKey round-tripping through ExportText adds a second failure mode on top. A flat list of ""Jump=SpaceBar"" is legible in the .ini, hand-editable, and cannot half-load. *** SPEC v28 §3c: THE VALUE IS ..."
"Player settings (per-player: crosshair, mouse, keybinds, video)","Crosshair","CrosshairSize","","11","px","float","UTraceUserSettings - PER-PLAYER, saved to Saved/Config/.../TraceUserSettings.ini. NOT shipped tuning","Length of ONE arm, in 1080p-reference pixels. The four arms are drawn from the gap outwards."
"Player settings (per-player: crosshair, mouse, keybinds, video)","Crosshair","CrosshairThickness","","2.5","px","float","UTraceUserSettings - PER-PLAYER, saved to Saved/Config/.../TraceUserSettings.ini. NOT shipped tuning","Bar width, in 1080p-reference pixels. Also the side of the centre dot - they are one bar."
"Player settings (per-player: crosshair, mouse, keybinds, video)","Crosshair","CrosshairGap","","5","px","float","UTraceUserSettings - PER-PLAYER, saved to Saved/Config/.../TraceUserSettings.ini. NOT shipped tuning","Empty space between the exact aim point and the inner end of each arm, reference pixels."
"Player settings (per-player: crosshair, mouse, keybinds, video)","Crosshair","CrosshairColorIndex","","0","index","int32","UTraceUserSettings - PER-PLAYER, saved to Saved/Config/.../TraceUserSettings.ini. NOT shipped tuning","Index into the named palette below. AN INDEX AND NOT AN FLinearColor, deliberately, and it is the one place this page is less than a full colour picker. Three reasons, in order: the options overlay is drawn through AHUD::DrawRect from inside DrawHUD and has no colour-picker widget to offer (there is no Slate here - see the header of UI/TraceOptionsMenu.h); every row on that page is driven by arrow keys and a drag ..."
"Player settings (per-player: crosshair, mouse, keybinds, video)","Crosshair","CrosshairOpacity","","0.94","0-1","float","UTraceUserSettings - PER-PLAYER, saved to Saved/Config/.../TraceUserSettings.ini. NOT shipped tuning","0..1, multiplied into the ink's alpha. SEPARATE FROM THE COLOUR, not folded into the palette entry's A. The palette is eight fixed hues and the opacity is a continuous slider; one field carrying both would mean picking a new colour silently threw away the opacity the player had set. *** THE OUTLINE'S ALPHA IS DERIVED FROM THIS, NOT PINNED. *** See GetCrosshairOutlineColor."
"Player settings (per-player: crosshair, mouse, keybinds, video)","Crosshair","bCrosshairCenterDot","","true","on/off","bool","UTraceUserSettings - PER-PLAYER, saved to Saved/Config/.../TraceUserSettings.ini. NOT shipped tuning","The square at the exact aim point. Worth a toggle rather than being implied by the gap: a player who wants a wide gap for target visibility usually still wants the dot (it is the pixel the bullet goes to), and a player who finds the dot noisy over a busy floor wants it gone without giving up the arms."
"Player settings (per-player: crosshair, mouse, keybinds, video)","Crosshair","bCrosshairOutline","","true","on/off","bool","UTraceUserSettings - PER-PLAYER, saved to Saved/Config/.../TraceUserSettings.ini. NOT shipped tuning","The one-pixel dark surround. ON by default and it should stay on for almost everybody - the arena is a black floor under saturated cyan and amber neon, and an unoutlined white cross vanishes the moment it crosses a lit edge. It is a toggle because it is the one thing on this page a player might turn OFF for a reason (a hard-edged single-colour cross is easier to see against a flat background, and some players ..."
"Player settings (per-player: crosshair, mouse, keybinds, video)","Video","bHasAutoDetected","","true","on/off","bool","UTraceGameUserSettings - PER-PLAYER video/gameplay, saved to GameUserSettings.ini. NOT shipped tuning","Set once auto-detect has run, so it never runs twice on the same machine. A config property and not a marker file: it rides in the same ini as everything else it guards, so deleting GameUserSettings.ini to ""start clean"" genuinely starts clean, including the benchmark. If the engine ever wipes the ini for a version bump, the benchmark re-runs, which is the correct answer to ""these settings are from a different build""."
"Player settings (per-player: crosshair, mouse, keybinds, video)","Video","FieldOfView","","95","deg","float","UTraceGameUserSettings - PER-PLAYER video/gameplay, saved to GameUserSettings.ini. NOT shipped tuning","Degrees, clamped to [MinFieldOfView, MaxFieldOfView]. See the field-of-view block above."
"Audio","Trace|Audio","bSoundEffectsEnabled","Sound Effects Enabled","true","on/off","bool","UTraceAudioSettings - Project Settings > Game > Trace Audio","Master switch. False silences the whole bank without unwiring a single call site."
"Audio","Trace|Audio","SoundBankPath","Sound Bank Asset","/Game/Trace/Audio/DA_TraceSoundBank.DA_TraceSoundBank","","FSoftObjectPath","UTraceAudioSettings - Project Settings > Game > Trace Audio","The bank asset. Point this at a different bank to swap the whole set at once."
"Audio","Trace|Audio","MasterVolume","Master Volume","1","0-1","float","UTraceAudioSettings - Project Settings > Game > Trace Audio","THE BASE VOLUME every play is scaled from. Per-event trims in the bank multiply this. [allowed range: 0.0 to 4.0]"
"Audio","Trace|Audio","WorldInnerRadiusUU","Game-Side Inner Radius (uu)","1200","uu","float","UTraceAudioSettings - Project Settings > Game > Trace Audio","THE BASE RADIUS of a game-side sound: everyone inside this hears it at full volume. 1200 uu is roughly a fifth of the arena's short axis, so a dash next to you is loud and a dash across the field is not. [allowed range: 50.0 to 20000.0]"
"Audio","Trace|Audio","WorldFalloffScale","Game-Side Falloff (x inner radius)","5","x (multiplier)","float","UTraceAudioSettings - Project Settings > Game > Trace Audio","How far the falloff runs PAST the inner radius, AS A MULTIPLE OF IT - not as an absolute distance. THIS PROJECT'S STANDING RULE, applied: the falloff MODIFIES the inner radius, so it is stored relative to it and moves when it moves. Widening the inner radius to 2400 keeps the same shape (audible out to 2400 + 2400x5) instead of collapsing the falloff to a hard edge, which is what an absolute ""FalloffDistance = 6000"" ... [allowed range: 0.1 to 50.0]"
"Audio","Trace|Audio","FootstepVolumeScale","Footstep Volume (x Master)","0.15","x Master","float","UTraceAudioSettings - Project Settings > Game > Trace Audio","SPEC v29 §1b - FOOTSTEPS GET THEIR OWN VOLUME KNOB, AND IT IS RELATIVE ""ensure they are quieter than other sounds ... give footsteps their own volume knob and set it well below the bank default, then MEASURE it rather than trusting the number."" A MULTIPLIER ON THE MASTER, never an absolute level - this project's standing rule, the same one that makes UTraceSoundBank::VolumeTrim a multiplier and WorldFalloffScale a ... [allowed range: 0.0 to 1.0]"
"Audio","Trace|Audio","PistolLadderResetSeconds","Pistol Ladder Reset (s)","0.3","s","float","UTraceAudioSettings - Project Settings > Game > Trace Audio","SPEC v29 §1c - how long without firing resets the pistol ladder to PistolShoot1. ""After a .3second break from shooting, reset the sounds back to pistol 1."" The owner's literal number, kept literally. MEASURED FROM THE LAST SHOT, not from the trigger release: FTracePistolLadder stamps the clock inside NextShot() and nowhere else, so a held trigger that stops producing rounds (a reload, a dry clip) resets on exactly ... [allowed range: 0.0 to 5.0]"
"Audio","Trace|Audio","PistolLadderResetIntervalFloor","Pistol Ladder Reset Floor (x pistol fire interval)","1.25","s","float","UTraceAudioSettings - Project Settings > Game > Trace Audio","THE §1c / §2f COLLISION, AND THE ONE HONEST WAY OUT OF IT *** THE PISTOL CANNOT FIRE FASTER THAN 0.315789 s PER ROUND (190 RPM, spec v24 §4). THE SPEC ASKS FOR A 0.3 s RESET. 0.3 IS SMALLER THAN 0.3158. *** Taken literally, therefore, EVERY pistol shot is more than 0.3 s after the previous one even when the trigger is held flat out - so the ladder resets on every shot, PistolShoot2, 3 and 4 are never heard, and §1c ... [allowed range: 0.0 to 10.0]"
"Audio","Trace|Audio","FootstepStrideUU","Footstep Stride (uu)","175","uu","float","UTraceAudioSettings - Project Settings > Game > Trace Audio","SPEC v29 §1b - how far a pawn walks between footsteps, at the pawn's own full running speed. A STRIDE IS A DISTANCE, NOT A TIMER. A timer would step at the same rate whether you were sprinting or shuffling out of cover, which is precisely the information a footstep is supposed to carry. Distance-driven means a slow walk steps slowly and a dash covers ground in fewer, further-apart steps. [allowed range: 20.0 to 1000.0]"
"Audio","Trace|Audio","FootstepMinSpeedUU","Footstep Minimum Speed (uu/s)","60","uu/s","float","UTraceAudioSettings - Project Settings > Game > Trace Audio","Below this ground speed nothing steps at all, so a pawn creeping against a wall or being nudged by a physics settle does not tick out footsteps. [allowed range: 0.0 to 600.0]"
"Networking","Net","bEnableLagCompensation","Enable Lag Compensation","true","on/off","bool","UTraceSettings - Project Settings > Game > Trace Gameplay; [/Script/Trace.TraceSettings] in Config/DefaultGame.ini","Master switch for server-side rewind on hitscan. Off = resolve against present-day poses."
"Networking","Net","MaxRewindTime","Max Rewind Time (s)","0.25","s","float","UTraceSettings - Project Settings > Game > Trace Gameplay; [/Script/Trace.TraceSettings] in Config/DefaultGame.ini","Upper bound on how far back the server will rewind, in seconds. 0.25 covers ~250ms RTT; beyond that a shooter's claim is rejected rather than honoured, which is what stops high-ping players from shooting into the past. Must stay BELOW LagCompHistoryDuration with headroom, or the rewind target falls off the end of the buffer. [allowed range: 0.0 to 1.0]"
"Networking","Net","LagCompHistoryDuration","Lag Comp History (s)","1","s","float","UTraceSettings - Project Settings > Game > Trace Gameplay; [/Script/Trace.TraceSettings] in Config/DefaultGame.ini","How much pose history each character keeps, in seconds. MUST EXCEED MaxRewindTime. This is a memory dial: ten characters at 60Hz for one second is 600 stored poses. [allowed range: 0.05 to 5.0]"
"Networking","Net","bDrawServerRewindDebug","Draw Server Rewind Debug","false","on/off","bool","UTraceSettings - Project Settings > Game > Trace Gameplay; [/Script/Trace.TraceSettings] in Config/DefaultGame.ini","Draws the rewound capsules the server actually tested against. Noisy; dev only."
"Game mode","Trace|Match","HalfDuration","","480","s","float","ATraceGameMode CDO - [/Script/Trace.TraceGameMode] in Config/DefaultGame.ini","Seconds of play in ONE half. Two of these is the match. 480 = 8 minutes (spec v10 §7, down from 10). THE INI WINS: Config/DefaultGame.ini carries `HalfDuration=480.000000` under [/Script/Trace.TraceGameMode] and that is the shipped value. This initialiser is only what a config-less run would get, and it is kept in agreement so the header cannot be read as documentation of a number the game does not use. Confirm from ..."
"Game mode","Trace|Match","HalvesPerMatch","","2","count","int32","ATraceGameMode CDO - [/Script/Trace.TraceGameMode] in Config/DefaultGame.ini","Periods of play per match. 2 is the spec; 1 restores the old single-period behaviour."
"Game mode","Trace|Match","HalfTimeBreakDuration","","12","s","float","ATraceGameMode CDO - [/Script/Trace.TraceGameMode] in Config/DefaultGame.ini","Length of the interval between halves. Long enough to read the banner, short enough to sit through."
"Game mode","Trace|Match","RespawnDelay","","2","s","float","ATraceGameMode CDO - [/Script/Trace.TraceGameMode] in Config/DefaultGame.ini","Seconds between death and respawn. Spec v4 §5 sets this to 2 (it was 3). Config/DefaultGame.ini pins this under [/Script/Trace.TraceGameMode] as well, and the ini wins - so this literal is what a reader sees, not what a match uses. Keep the two equal. Deliberately here and not in UTraceSettings: the respawn delay is a RULE, this class is the rules, and UTraceSettings::RespawnDelay has no enforcement behind it. ..."
"Game mode","Trace|Match","FirstHalfCoreTeam","","Blue","","ETraceTeam","ATraceGameMode CDO - [/Script/Trace.TraceGameMode] in Config/DefaultGame.ini","""Team A"" in the doc's phrase ""the core starts with Team A in the first half"". Team B (its opponent) starts the second half, and so on alternately if HalvesPerMatch is ever raised."
"Game mode","Trace|Match","KickoffMode","","ScoredOnTeam","","ECoreKickoffMode","ATraceGameMode CDO - [/Script/Trace.TraceGameMode] in Config/DefaultGame.ini","Who receives the Core after a goal. See ECoreKickoffMode."
"Game mode","Trace|Match","WipeBonusPoints","","2","x (multiplier)","int32","ATraceGameMode CDO - [/Script/Trace.TraceGameMode] in Config/DefaultGame.ini","Points awarded for wiping the whole enemy team at once (spec §1)."
"Game mode","Trace|Match","bRespawnInOwnEndzone","","true","on/off","bool","ATraceGameMode CDO - [/Script/Trace.TraceGameMode] in Config/DefaultGame.ini","Spec §1: players respawn in their OWN team's endzone rather than on the generic pads in front of it. The pads are built by this class (BuildEndzoneSpawnPads) because their ownership has to flip at half time and the arena builder's are baked at build time."
"Game mode","Trace|Characters","CharacterSelectTimeout","","30","s","float","ATraceGameMode CDO - [/Script/Trace.TraceGameMode] in Config/DefaultGame.ini","Seconds a player gets to pick before one is assigned to them (spec v14 §3 [ASSUMPTION]: ""a timeout that auto-assigns a free character, so one idle player cannot stall the match""). Long enough to read five cards, short enough that an AFK player costs one warm-up. Zero or less disables the auto-assign entirely, which is a legitimate configuration for a private match and a terrible one for a public server."
"Game mode","Trace|Classes","ArenaBuilderClass","","/Script/CoreUObject.Class'/Script/Trace.TraceArenaBuilder'","","TSubclassOf<ATraceArenaBuilder>","ATraceGameMode CDO - [/Script/Trace.TraceGameMode] in Config/DefaultGame.ini -- NOT `config`: DefaultGame.ini cannot reach this one","Spawned at the origin if the level does not already contain an ATraceArenaBuilder."
"Game mode","Trace|Classes","CoreClass","","/Script/CoreUObject.Class'/Script/Trace.TraceCore'","","TSubclassOf<ATraceCore>","ATraceGameMode CDO - [/Script/Trace.TraceGameMode] in Config/DefaultGame.ini -- NOT `config`: DefaultGame.ini cannot reach this one",""
"Game mode","Trace|Classes","BotControllerClass","","/Script/CoreUObject.Class'/Script/Trace.TraceBotController'","","TSubclassOf<ATraceBotController>","ATraceGameMode CDO - [/Script/Trace.TraceGameMode] in Config/DefaultGame.ini -- NOT `config`: DefaultGame.ini cannot reach this one","Possesses the same ATraceCharacter humans do, so every game rule applies to bots unchanged."
"Game mode","Trace|Match","StartOccupiedRadius","","150","uu","float","ATraceGameMode CDO - [/Script/Trace.TraceGameMode] in Config/DefaultGame.ini -- NOT `config`: DefaultGame.ini cannot reach this one","A player start with a live character inside this radius counts as occupied."
"Game mode","Spawned classes","ArenaBuilder","","None","","TObjectPtr<ATraceArenaBuilder>","ATraceGameMode CDO - [/Script/Trace.TraceGameMode] in Config/DefaultGame.ini -- NOT `config`: DefaultGame.ini cannot reach this one",""
"Engine-owned movement fields (live)","Movement|Engine-owned","MaxWalkSpeed","","800","uu/s","float","LIVE pawn TraceCharacter_0 (engine-owned field, pushed from the knobs)","THE number the physics step clamps ground speed against - i.e. 'movement speed'. It is not a knob: UTraceSettings::WalkSpeed is copied into it, so change WalkSpeed, not this."
"Engine-owned movement fields (live)","Movement|Engine-owned","MaxWalkSpeedCrouched","","400","uu/s","float","LIVE pawn TraceCharacter_0 (engine-owned field, pushed from the knobs)","Half of MaxWalkSpeed, set alongside it."
"Engine-owned movement fields (live)","Movement|Engine-owned","JumpZVelocity","","640","uu/s","float","LIVE pawn TraceCharacter_0 (engine-owned field, pushed from the knobs)","Upward launch speed on a jump. Apex height is derived in the key-numbers section."
"Engine-owned movement fields (live)","Movement|Engine-owned","GravityScale","","1.12","x (multiplier)","float","LIVE pawn TraceCharacter_0 (engine-owned field, pushed from the knobs)","Multiplies world gravity (980 uu/s^2) for this pawn."
"Engine-owned movement fields (live)","Movement|Engine-owned","AirControl","","1","0-1","float","LIVE pawn TraceCharacter_0 (engine-owned field, pushed from the knobs)","Fraction of ground acceleration usable in the air."
"Engine-owned movement fields (live)","Movement|Engine-owned","MaxAcceleration","","4096","uu/s^2","float","LIVE pawn TraceCharacter_0 (engine-owned field, pushed from the knobs)","How hard the pawn accelerates toward its input direction."
"Engine-owned movement fields (live)","Movement|Engine-owned","BrakingDecelerationWalking","","2600","uu/s^2","float","LIVE pawn TraceCharacter_0 (engine-owned field, pushed from the knobs)","How hard it stops on the ground with no input."
"Engine-owned movement fields (live)","Movement|Engine-owned","GroundFriction","","8","","float","LIVE pawn TraceCharacter_0 (engine-owned field, pushed from the knobs)","Ground friction coefficient; with braking deceleration it decides how sharp a stop feels."
"Engine-owned movement fields (live)","Movement|Engine-owned","MaxStepHeight","","45","uu","float","LIVE pawn TraceCharacter_0 (engine-owned field, pushed from the knobs)","Tallest ledge the pawn walks straight up without a jump."
"Engine-owned movement fields (live)","Movement|Engine-owned","CapsuleHalfHeight","","88","uu","float","LIVE pawn TraceCharacter_0 (engine-owned field, pushed from the knobs)","Half the pawn's standing height. The hit-zone fractions in the Damage section are fractions of TWICE this."
"Engine-owned movement fields (live)","Movement|Engine-owned","CapsuleRadius","","34","uu","float","LIVE pawn TraceCharacter_0 (engine-owned field, pushed from the knobs)","Pawn collision radius."
